11315838,*,*,AISMD,0621161648
10662633,FLEX,*,FLEX,0601304000
10662633,FLEXPERTISE,*,FLEXPERTISE,0601304000
10662633,LONG SHORT,*,LONG SHORT,0601304000
10662633,STRATEGIES,*,STRATEGIES,0601304000
10662633,*,*,PENDING,0601304000
5004494,FLEX,*,FLEX,0601304000
5004494,FLEXPERTISE,*,FLEXPERTISE,0601304000
5004494,LONG SHORT,*,LONG SHORT,0601304000
5004494,STRATEGIES,*,STRATEGIES,0601304000
5004494,*,*,PENDING,0601304000
507799,CL MS OPP,*,CL MS OPP,0621160451
5654293,CL MS OPP,*,CL MS OPP,0621160451
7537444,2786,*,2786,0616580000
7537444,2787,*,2787,0616580000
7537444,2788,*,2788,0616580000
7537444,2789,*,2789,0616580000
7537444,2846,*,2846,0616580000
7537444,2847,*,2847,0616580000
7537444,2853,*,2853,0616580000
7537444,2871,*,2871,0616580000
7537444,2876,*,2876,0616580000
7537444,2940,*,2940,0616580000
7537444,3151,*,3151,0616580000
8571657,TAUX REELS,*,TAUX REELS,0618535000
8571657,RESILIENCE,*,RESILIENCE,0618535000
8571657,OPTIMUM,*,OPTIMUM,0618535000
8571657,MAXIMA,*,MAXIMA,0618535000
8571657,AMAIKA60,*,AMAIKA60,0618535000
8571657,ALTIFLEX,*,ALTIFLEX,0618535000
8571657,DEFAULT,*,DEFAULT,0618535000
4714605,BTMXGLOBAL,*,BTMXGLOBAL,0603414000
4714605,BOURBON,*,BOURBON,0603414000
4714605,BTMXEUROPE,*,BTMXEUROPE,0603414000
4714605,BTMXEMERGENTS,*,BTMXEMERGENTS,0603414000
4714605,MEDICIS,*,MEDICIS,0603414000
4714605,DEFAULT,*,DEFAULT,0603414000
12157316,PATRIMOINE,*,PATRIMOINE,0621189086
9339345,PATRIMOINE,*,PATRIMOINE,0621189086
12157316,PERFORMANCE,*,PERFORMANCE,0621189086
9339345,PERFORMANCE,*,PERFORMANCE,0621189086
9120535,MARIGNAN,*,MARIGNAN,0621115379
8311038,REUNICA,*,REUNICA,0621188788
8181913,REUNICA,*,REUNICA,0621188788
9695355,DEFENSIVE,*,DEFENSIVE,0621115982
7998867,CROISSANCE,*,CROISSANCE,0621115982
937847,BALANCED,*,BALANCED,0621115982
6031135,PREMIUM,*,PREMIUM,0621165493
6031135,OBLIGATAIRE,*,OBLIGATAIRE,0621165493
6031135,HAUSSMANN,*,HAUSSMANN,0621165493
6031135,EQUITY,*,EQUITY,0621165493
6031135,2018,*,2018,0621165493
79050,DYNAMIC,*,DYNAMIC,0621165124
12536989,DYNAMIC,*,DYNAMIC,0621165124
884227,DYNAMIC,*,DYNAMIC,0621165124
79050,MODERATE,*,MODERATE,0621165120
12536989,MODERATE,*,MODERATE,0621165120
884227,MODERATE,*,MODERATE,0621165120
6031135,*,*,DEFAULT,0621165493
6328993,ABARIS,*,ABARIS,0603389000
6328993,ANTENOR,*,ANTENOR,0603389000
6328993,CALAIS,*,CALAIS,0603389000
6328993,PATRIMOINE,*,PATRIMOINE,0603389000
6328993,ACTIONS RDT,*,ACTIONS RDT,0603389000
6328993,SMALLCAPS FR,*,SMALLCAPS FR,0603389000
10662813,ABARIS,*,ABARIS,0603389000
10662813,ANTENOR,*,ANTENOR,0603389000
10662813,CALAIS,*,CALAIS,0603389000
10662813,PATRIMOINE,*,PATRIMOINE,0603389000
10662813,ACTIONS RDT,*,ACTIONS RDT,0603389000
10662813,SMALLCAPS FR,*,SMALLCAPS FR,0603389000
5475853,CLIENT,*,CLIENT_ELECTRONIC,0621220808
5475853,PROPRE,*,PROPRE_ELECTRONIC,0621220808
10641214,CLIENT,*,CLIENT_ELECTRONIC,0621220808
10641214,PROPRE,*,PROPRE_ELECTRONIC,0621220808
3661927,BBM V-FLEX,*,FLEX,0621115133
3661927,INTERNATIONAL BALANCE,*,INTER BALANCE,0621115133
3661927,MONDIAL VALOR,*,VALOR,0621115133
3661927,AMG,*,AMG,0621115133
3661927,MFD PATRIMOINE,*,PATRIMOINE,0621115133
3661927,PROMETHEE,*,PROMETHEE,0621115133
3661927,BEST BUSINESS MODELS,*,BEST B MODELS,0621115133
3661927,VILLIERS DIAPASON,*,DIAPASON,0621115133
3661927,GEM ACTIONS EUROPE,*,EUROP MODELS,0621115133
3661927,QUADRATOR,*,QUADRATOR,0621115133
3661927,M CONVERTIBLES,*,CONVERTIBLES,0621115133
12635484,BBM V-FLEX,*,FLEX,0621115133
12635484,INTERNATIONAL BALANCE,*,INTER BALANCE,0621115133
12635484,MONDIAL VALOR,*,VALOR,0621115133
12635484,AMG,*,AMG,0621115133
12635484,MFD PATRIMOINE,*,PATRIMOINE,0621115133
12635484,PROMETHEE,*,PROMETHEE,0621115133
12635484,BEST BUSINESS MODELS,*,BEST B MODELS,0621115133
12635484,VILLIERS DIAPASON,*,DIAPASON,0621115133
12635484,GEM ACTIONS EUROPE,*,EUROP MODELS ,0621115133
12635484,QUADRATOR,*,QUADRATOR,0621115133
12635484,M CONVERTIBLES,*,CONVERTIBLES,0621115133
9054855,CAM_FK,*,GROWTH,0621222063
9144550,CAM_FK,*,GROWTH,0621222063
11299188,CAM_FK,*,GROWTH,0621222063
13582802,CAM_FK,*,GROWTH,0621222063
9054855,CAM_GALAAD,*,GALAAD,0621222063
9144550,CAM_GALAAD,*,GALAAD,0621222063
11299188,CAM_GALAAD,*,GALAAD,0621222063
13582802,CAM_GALAAD,*,GALAAD,0621222063
9054855,CAM_CRP,*,CARPO GL FUND,0621222063
9144550,CAM_CRP,*,CARPO GL FUND,0621222063
11299188,CAM_CRP,*,CARPO GL FUND,0621222063
13582802,CAM_CRP,*,CARPO GL FUND,0621222063
9054855,CAM_LHT,*,LIONHEART,0621222063
9144550,CAM_LHT,*,LIONHEART,0621222063
11299188,CAM_LHT,*,LIONHEART,0621222063
13582802,CAM_LHT,*,LIONHEART,0621222063
2553474,7H ACTIVYT,*,7HA,0621116682
2553474,7H OPPORTUNITIES,*,7HEO,0621116682
2553474,ARBITRAGE,*,GEN ARB,0621116682
2553474,MAIN,*,GWN MAIN,0621116682
4514147,7H ACTIVYT,*,7HA,0621116682
4514147,7H OPPORTUNITIES,*,7HEO,0621116682
4514147,ARBITRAGE,*,GEN ARB,0621116682
4514147,MAIN,*,GWN MAIN,0621116682
10656557,7H ACTIVYT,*,7HA,0621116682
10656557,7H OPPORTUNITIES,*,7HEO,0621116682
10656557,ARBITRAGE,*,GEN ARB,0621116682
10656557,MAIN,*,GWN MAIN,0621116682
5973996,BLOCK,*,BLOCK,0600600000
5421056,BLOCK,*,BLOCK,0600600000
13889620,*,*,AISMD,0621161648
11971803,*,*,ERROR EQU PFS,0224446000
6031135,CONTINGENT,*,CONTINGENT,0621165493
7694340,ABSOLUTE,*,ABSOLUTE,LUX3001027
7694340,COSMO,*,COSMO,LUX3001027
4791535,CAM_FK,*,GROWTH,0621222063
4791535,CAM_GALAAD,*,GALAAD,0621222063
4791535,CAM_CRP,*,CARPO GL FUND,0621222063
4791535,CAM_LHT,*,LIONHEART,0621222063
4678643,CAM_FK,*,GROWTH,0621222063
4678643,CAM_GALAAD,*,GALAAD,0621222063
4678643,CAM_CRP,*,CARPO GL FUND,0621222063
4678643,CAM_LHT,*,LIONHEART,0621222063
9374692,DIVIDENDES,*,DIVIDENDES,0621238422
10120570,DIVIDENDES,*,DIVIDENDES,0621238422
8177272,CAM FK,*,GROWTH,0621222063
8177272,CAM_GALAAD,*,GALAAD,0621222063
8177272,CAM_CRP,*,CARPO GL FUND,0621222063
8177272,CAM_LHT,*,LIONHEART,0621222063
14051984,ALPHA NOVA,*,ALPHA_NOVA,0613517000
12748158,ALPHA NOVA,*,ALPHA_NOVA,0613517000
10238015,ALPHA NOVA,*,ALPHA_NOVA,0613517000
14051984,ADAMANT,*,ADAMANT,0613517000
12748158,ADAMANT,*,ADAMANT,0613517000
10238015,ADAMANT,*,ADAMANT,0613517000
14051984,EONOS5,*,EONOS5,0613517000
12748158,EONOS5,*,EONOS5,0613517000
10238015,EONOS5,*,EONOS5,0613517000
14051984,MULTICAPS,*,MULTICAPS,0613517000
12748158,MULTICAPS,*,MULTICAPS,0613517000
10238015,MULTICAPS,*,MULTICAPS,0613517000
14051984,GL MACRO,*,GL_MACRO,0613517000
12748158,GL MACRO,*,GL_MACRO,0613517000
10238015,GL MACRO,*,GL_MACRO,0613517000
14051984,AFIM REACTIF,*,AFIM_REACTIF,0613517000
12748158,AFIM REACTIF,*,AFIM_REACTIF,0613517000
10238015,AFIM REACTIF,*,AFIM_REACTIF,0613517000
14051984,INTERNATIONAL,*,INTERNATIONAL,0613517000
12748158,INTERNATIONAL,*,INTERNATIONAL,0613517000
10238015,INTERNATIONAL,*,INTERNATIONAL,0613517000
14051984,SELECT MONDE,*,SELECT_MONDE,0613517000
12748158,SELECT MONDE,*,SELECT_MONDE,0613517000
10238015,SELECT MONDE,*,SELECT_MONDE,0613517000
14051984,PATRIMOINE,*,PATRIMOINE,0613517000
12748158,PATRIMOINE,*,PATRIMOINE,0613517000
10238015,PATRIMOINE,*,PATRIMOINE,0613517000
14051984,REACTIF,*,REACTIF,0613517000
12748158,REACTIF,*,REACTIF,0613517000
10238015,REACTIF,*,REACTIF,0613517000
14051984,OPERA,*,OPERA,0613517000
12748158,OPERA,*,OPERA,0613517000
10238015,OPERA,*,OPERA,0613517000
207436,CLIENT,*,CLIENT,0615647000
207436,FONDS,*,FONDS,0615647000
207436,INVESCO,*,INVESCO,0615647000
207436,PROPRIETAIRE,*,PROPRIETAIRE,0615647000
32340,CLIENT,*,CLIENT,0615647000
32340,FONDS,*,FONDS,0615647000
32340,INVESCO,*,INVESCO,0615647000
32340,PROPRIETAIRE,*,PROPRIETAIRE,0615647000
10418594,CLIENT,*,CLIENT,0615647000
10418594,FONDS,*,FONDS,0615647000
10418594,INVESCO,*,INVESCO,0615647000
10418594,PROPRIETAIRE,*,PROPRIETAIRE,0615647000
14246831,CLIENT,*,CLIENT,0615647000
14246831,FONDS,*,FONDS,0615647000
14246831,INVESCO,*,INVESCO,0615647000
14246831,PROPRIETAIRE,*,PROPRIETAIRE,0615647000
6328993,KEREN,*,KEREN,0603389000
10662813,KEREN,*,KEREN,0603389000
10671962,ABARIS,*,ABARIS,0603389000
10671962,ANTENOR,*,ANTENOR,0603389000
10671962,CALAIS,*,CALAIS,0603389000
10671962,KEREN,*,KEREN,0603389000
10671962,PATRIMOINE,*,PATRIMOINE,0603389000
10671962,ACTIONS RDT,*,ACTIONS RDT,0603389000
10671962,SMALLCAPS FR,*,SMALLCAPS FR,0603389000
9804802,ABARIS,*,ABARIS,0603389000
9804802,ANTENOR,*,ANTENOR,0603389000
9804802,CALAIS,*,CALAIS,0603389000
9804802,KEREN,*,KEREN,0603389000
9804802,PATRIMOINE,*,PATRIMOINE,0603389000
9804802,ACTIONS RDT,*,ACTIONS RDT,0603389000
9804802,SMALLCAPS FR,*,SMALLCAPS FR,0603389000
1473622,CONSERVATIVE,*,CONSERVATIVE,0621226048
1473622,DIVERSIFIED,*,DIVERSIFIED,0621226048
1473622,GAA,*,GAA,0621226048
1473622,GLOBAL,*,GLOBAL,0621226048
1473622,INFLATION,*,INFLATION,0621226048
1473622,NOBI,*,NOBI,0621226048
1473622,VALUE,*,VALUE,0621226048
1473622,VOLATILITY,*,VOLATILITY,0621226048
412762,CONSERVATIVE,*,CONSERVATIVE,0621226048
412762,DIVERSIFIED,*,DIVERSIFIED,0621226048
412762,GAA,*,GAA,0621226048
412762,GLOBAL,*,GLOBAL,0621226048
412762,INFLATION,*,INFLATION,0621226048
412762,NOBI,*,NOBI,0621226048
412762,VALUE,*,VALUE,0621226048
412762,VOLATILITY,*,VOLATILITY,0621226048
433332,CONSERVATIVE,*,CONSERVATIVE,0621226048
433332,DIVERSIFIED,*,DIVERSIFIED,0621226048
433332,GAA,*,GAA,0621226048
433332,GLOBAL,*,GLOBAL,0621226048
433332,INFLATION,*,INFLATION,0621226048
433332,NOBI,*,NOBI,0621226048
433332,VALUE,*,VALUE,0621226048
433332,VOLATILITY,*,VOLATILITY,0621226048
5409422,CONSERVATIVE,*,CONSERVATIVE,0621226048
5409422,DIVERSIFIED,*,DIVERSIFIED,0621226048
5409422,GAA,*,GAA,0621226048
5409422,GLOBAL,*,GLOBAL,0621226048
5409422,INFLATION,*,INFLATION,0621226048
5409422,NOBI,*,NOBI,0621226048
5409422,VALUE,*,VALUE,0621226048
5409422,VOLATILITY,*,VOLATILITY,0621226048
7022522,CONSERVATIVE,*,CONSERVATIVE,0621226048
7022522,DIVERSIFIED,*,DIVERSIFIED,0621226048
7022522,GAA,*,GAA,0621226048
7022522,GLOBAL,*,GLOBAL,0621226048
7022522,INFLATION,*,INFLATION,0621226048
7022522,NOBI,*,NOBI,0621226048
7022522,VALUE,*,VALUE,0621226048
7022522,VOLATILITY,*,VOLATILITY,0621226048
13576201,DHARMA EQUITY,*,DHARMA EQUITY,0618493000
13576201,FIXED INCOME,*,FIXED INCOME,0618493000
13576201,TACTIC LONG SHORT,*,TACTIC LONG SHORT,0618493000
13727942,DHARMA EQUITY,*,DHARMA EQUITY,0618493000
13727942,FIXED INCOME,*,FIXED INCOME,0618493000
13727942,TACTIC LONG SHORT,*,TACTIC LONG SHORT,0618493000
13947717,DHARMA EQUITY,*,DHARMA EQUITY,0618493000
13947717,FIXED INCOME,*,FIXED INCOME,0618493000
13947717,TACTIC LONG SHORT,*,TACTIC LONG SHORT,0618493000
10418594,CORPORATE BONDS,*,CORPORATE BONDS,0615647000
10418594,DETTE EMERGENTE,*,DETTE EMERGENTE,0615647000
10418594,EXPANSION,*,EXPANSION,0615647000
10418594,HIGH YIELD EQU,*,HIGH YIELD EQU,0615647000
14246831,SICAV CORPORATE BONDS,*,CORPORATE BONDS,0615647000
14246831,SICAV DETTE EMERGENTE,*,DETTE EMERGENTE,0615647000
14246831,SICAV EXPANSION,*,EXPANSION,0615647000
14246831,SICAV HIGH YIELD EQUITY,*,HIGH YIELD EQU,0615647000
207436,SICAV CORPORATE BONDS,*,CORPORATE BONDS,0615647000
207436,SICAV DETTE EMERGENTE,*,DETTE EMERGENTE,0615647000
207436,SICAV EXPANSION,*,EXPANSION,0615647000
207436,SICAV HIGH YIELD EQUITY,*,HIGH YIELD EQU,0615647000
32340,SICAV CORPORATE BONDS,*,CORPORATE BONDS,0615647000
32340,SICAV DETTE EMERGENTE,*,DETTE EMERGENTE,0615647000
32340,SICAV EXPANSION,*,EXPANSION,0615647000
32340,SICAV HIGH YIELD EQUITY,*,HIGH YIELD EQU,0615647000
10656557,LIRA,*,GWA LIRA,0621116682
10656557,PICOS,*,PICOS,0621116682
2553474,LIRA,*,GWA LIRA,0621116682
2553474,PICOS,*,PICOS,0621116682
4514147,LIRA,*,GWA LIRA,0621116682
4514147,PICOS,*,PICOS,0621116682
1473622,AMERICA,*,AMERICA 38,0621226048
1473622,EUROPA,*,EUROPA 38,0621226048
412762,AMERICA,*,AMERICA 38,0621226048
412762,EUROPA,*,EUROPA 38,0621226048
433332,AMERICA,*,AMERICA 38,0621226048
433332,EUROPA,*,EUROPA 38,0621226048
5409422,AMERICA,*,AMERICA 38,0621226048
5409422,EUROPA,*,EUROPA 38,0621226048
7022522,AMERICA,*,AMERICA 38,0621226048
7022522,EUROPA,*,EUROPA 38,0621226048
7741847,AMERICA,*,AMERICA 38,0621226048
7741847,EUROPA,*,EUROPA 38,0621226048
9440650,AMERICA,*,AMERICA 38,0621226048
9440650,EUROPA,*,EUROPA 38,0621226048
1473622,REJECT,*,REJECT,0621226048
412762,REJECT,*,REJECT,0621226048
433332,REJECT,*,REJECT,0621226048
5409422,REJECT,*,REJECT,0621226048
7022522,REJECT,*,REJECT,0621226048
7741847,REJECT,*,REJECT,0621226048
9440650,REJECT,*,REJECT,0621226048
3857823,BRAZIL,*,BRAZIL WARRANTS,0621200633
3857823,CHINA,*,CHINA WARRANTS,0621200633
3857823,INDIA,*,INDIA WARRANTS,0621200633
3857823,JAPAN,*,JAPAN WARRANTS,0621200633
4770737,BRAZIL,*,BRAZIL WARRANTS,0621200633
4770737,CHINA,*,CHINA WARRANTS,0621200633
4770737,INDIA,*,INDIA WARRANTS,0621200633
4770737,JAPAN,*,JAPAN WARRANTS,0621200633
8242757,BRAZIL,*,BRAZIL WARRANTS,0621200633
8242757,CHINA,*,CHINA WARRANTS,0621200633
8242757,INDIA,*,INDIA WARRANTS,0621200633
8242757,JAPAN,*,JAPAN WARRANTS,0621200633
13320108,ABSOLUMENT,*,ABSOLUMENT,0601324000
13320108,ACTIONS DEFENSIVES EU,*,ACTIONS DEFENSIVES EU,0601324000
13320108,ALPHA CT,*,ALPHA CT,0601324000
13320108,GERER CT,*,GERER CT,0601324000
13320108,PREMIERE SICAV,*,PREMIERE SICAV,0601324000
13320108,REGULARITE PLUS,*,REGULARITE PLUS,0601324000
13320108,REVENU TRIM,*,REVENU TRIM,0601324000
13320108,UNIMT SICAV,*,UNIMT SICAV,0601324000
13464060,ABSOLUMENT,*,ABSOLUMENT,0601324000
13464060,ACTIONS DEFENSIVES EU,*,ACTIONS DEFENSIVES EU,0601324000
13464060,ALPHA CT,*,ALPHA CT,0601324000
13464060,GERER CT,*,GERER CT,0601324000
13464060,PREMIERE SICAV,*,PREMIERE SICAV,0601324000
13464060,REGULARITE PLUS,*,REGULARITE PLUS,0601324000
13464060,REVENU TRIM,*,REVENU TRIM,0601324000
13464060,UNIMT SICAV,*,UNIMT SICAV,0601324000
3867529,ABSOLUMENT,*,ABSOLUMENT,0601324000
3867529,ACTIONS DEFENSIVES EU,*,ACTIONS DEFENSIVES EU,0601324000
3867529,ALPHA CT,*,ALPHA CT,0601324000
3867529,GERER CT,*,GERER CT,0601324000
3867529,PREMIERE SICAV,*,PREMIERE SICAV,0601324000
3867529,REGULARITE PLUS,*,REGULARITE PLUS,0601324000
3867529,REVENU TRIM,*,REVENU TRIM,0601324000
3867529,UNIMT SICAV,*,UNIMT SICAV,0601324000
75828,ABSOLUMENT,*,ABSOLUMENT,0601324000
75828,ACTIONS DEFENSIVES EU,*,ACTIONS DEFENSIVES EU,0601324000
75828,ALPHA CT,*,ALPHA CT,0601324000
75828,GERER CT,*,GERER CT,0601324000
75828,PREMIERE SICAV,*,PREMIERE SICAV,0601324000
75828,REGULARITE PLUS,*,REGULARITE PLUS,0601324000
75828,REVENU TRIM,*,REVENU TRIM,0601324000
75828,UNIMT SICAV,*,UNIMT SICAV,0601324000
13320108,SEM OPTIMUM,*,SEM OPTIMUM,0601324000
13464060,SEM OPTIMUM,*,SEM OPTIMUM,0601324000
3867529,SEM OPTIMUM,*,SEM OPTIMUM,0601324000
75828,SEM OPTIMUM,*,SEM OPTIMUM,0601324000
17741423,SEM OPTIMUM,*,SEM OPTIMUM,0601324000
16817512,SEM OPTIMUM,*,SEM OPTIMUM,0601324000
12395826,EQUITY ALPHA,*,EQU ALPHA,0621121529
12395826,GLOBAL EM MACRO,*,GLOBAL,0621121529
14297748,EQUITY ALPHA,*,EQU ALPHA,0621121529
14297748,GLOBAL EM MACRO,*,GLOBAL,0621121529
14407930,EQUITY ALPHA,*,EQU ALPHA,0621121529
14407930,GLOBAL EM MACRO,*,GLOBAL,0621121529
14051984,ALPHA NOVA HORIZON,*,NOVA_HORIZON,0613517000
12748158,ALPHA NOVA HORIZON,*,NOVA_HORIZON,0613517000
10238015,ALPHA NOVA HORIZON,*,NOVA_HORIZON,0613517000
1177537,BAM,*,BAM,0621115717
1177537,MONDE,*,MONDE,0621115717
1177537,OBLIG,*,OBLIG,0621115717
40556,BAM,*,BAM,0621115717
40556,MONDE,*,MONDE,0621115717
40556,OBLIG,*,OBLIG,0621115717
10107871,*,*,DEFAULT,0621204739
10385340,*,*,DEFAULT,0621204739
10686183,*,*,DEFAULT,0621204739
13056987,*,*,DEFAULT,0621204739
13366612,*,*,DEFAULT,0621204739
13424831,*,*,DEFAULT,0621204739
14904658,*,*,DEFAULT,0621204739
7806940,*,*,DEFAULT,0621204739
7818969,*,*,DEFAULT,0621204739
7819093,*,*,DEFAULT,0621204739
7819141,*,*,DEFAULT,0621204739
7819277,*,*,DEFAULT,0621204739
7824099,*,*,DEFAULT,0621204739
7827080,*,*,DEFAULT,0621204739
7830237,*,*,DEFAULT,0621204739
8040773,*,*,DEFAULT,0621204739
8742217,*,*,DEFAULT,0621204739
9339815,*,*,DEFAULT,0621204739
10662813,PEYREAUX,*,PEYREAUX,0603389000
10662813,PJD,*,PJD,0603389000
6328993,PEYREAUX,*,PEYREAUX,0603389000
6328993,PJD,*,PJD,0603389000
4519329,BLACKSNAKE,*,BLACKSNAKE,0621141193
4519329,STANWARD,*,STANWARD,0621141193
4828027,BLACKSNAKE,*,BLACKSNAKE,0621141193
4828027,STANWARD,*,STANWARD,0621141193
14905162,LONG RUN,*,GLOBAL EQU POOL,0621249951
14906368,LONG RUN,*,GLOBAL EQU POOL,0621249951
10656557,GWA ATL STRAT,*,GWA ATL STRAT,0621116682
2553474,GWA ATL STRAT,*,GWA ATL STRAT,0621116682
4514147,GWA ATL STRAT,*,GWA ATL STRAT,0621116682
3126221,HOTTINGUER CHOLET,*,LX003974851,0621230453
4458034,HOTTINGUER CHOLET,*,LX003974851,0621230453
5009835,HOTTINGUER CHOLET,*,LX003974851,0621230453
6622244,HOTTINGUER CHOLET,*,LX003974851,0621230453
12916923,DYNAMIC,*,DYNAMIC,0621116682
12157316,TRADITION,*,TRADITION,0621189086
9339345,TRADITION,*,TRADITION,0621189086
13882167,CLIENTS,*,CLIENTS ACC,0621251222
7698454,CLIENTS,*,CLIENTS ACC,0621251222
3528215,PLATINIUM,*,QUAESTA - PLATINIUM,LUX0437786
1177537,ASYMACTIONS,*,ASYMACTIONS,0621115717
1177537,ASYMGL,*,ASYMGL,0621115717
1177537,ASYMOB,*,ASYMOB,0621115717
40556,ASYMACTIONS,*,ASYMACTIONS,0621115717
40556,ASYMGL,*,ASYMGL,0621115717
40556,ASYMOB,*,ASYMOB,0621115717
3857823,GLOBAL,*,GLOBAL FRONTIER,0621200633
4770737,GLOBAL,*,GLOBAL FRONTIER,0621200633
8242757,GLOBAL,*,GLOBAL FRONTIER,0621200633
12443154,AFE,*,AFE,0607538000
12443154,ENT,*,ENT,0607538000
12443154,ENT FLEX,*,ENT FLEX,0607538000
12443154,ENT PME,*,ENT PME,0607538000
12443154,VOL 2,*,VOL 2,0607538000
12443154,VOL 4,*,VOL 4,0607538000
12367433,AFE,*,AFE,0607538000
12367433,ENT,*,ENT,0607538000
12367433,ENT FLEX,*,ENT FLEX,0607538000
12367433,ENT PME,*,ENT PME,0607538000
12367433,VOL 2,*,VOL 2,0607538000
12367433,VOL 4,*,VOL 4,0607538000
5639752,AFE,*,AFE,0607538000
5639752,ENT,*,ENT,0607538000
5639752,ENT FLEX,*,ENT FLEX,0607538000
5639752,ENT PME,*,ENT PME,0607538000
5639752,VOL 2,*,VOL 2,0607538000
5639752,VOL 4,*,VOL 4,0607538000
11496719,OPPORTUNITIES,*,OPPORTUNITIES,0621256840
15541012,ABSOLUTE,*,ABSOLUTE,0621260272
15576587,ABSOLUTE,*,ABSOLUTE,0621260272
14426226,GDI3,*,GDI3,0621261075
14426226,GDI4,*,GDI4,0621261075
14318513,GDI3,*,GDI3,0621261075
14318513,GDI4,*,GDI4,0621261075
15481062,EMERALD,*,EMERALD,0621261432
15133053,EMERALD,*,EMERALD,0621261432
6328993,ABSOLUTE RETURN,*,ABSOLUTE RETURN,0603389000
10662813,ABSOLUTE RETURN,*,ABSOLUTE RETURN,0603389000
10671962,ABSOLUTE RETURN,*,ABSOLUTE RETURN,0603389000
9804802,ABSOLUTE RETURN,*,ABSOLUTE RETURN,0603389000
12443154,GLOBAL OPP,*,GLOBAL,0607538000
12367433,GLOBAL OPP,*,GLOBAL,0607538000
5639752,GLOBAL OPP,*,GLOBAL,0607538000
8625796,TEMPO,*,TEMPO,0621247679
8278705,TEMPO,*,TEMPO,0621247679
12205999,TEMPO,*,TEMPO,0621247679
12410825,TEMPO,*,TEMPO,0621247679
412762,MARTIN,*,MARTIN,0621226048
433332,MARTIN,*,MARTIN,0621226048
1473622,MARTIN,*,MARTIN,0621226048
5409422,MARTIN,*,MARTIN,0621226048
7022522,MARTIN,*,MARTIN,0621226048
7741847,MARTIN,*,MARTIN,0621226048
9440650,MARTIN,*,MARTIN,0621226048
14051984,SMALLCAPS,*,SMALLCAPS,0613517000
12748158,SMALLCAPS,*,SMALLCAPS,0613517000
10238015,SMALLCAPS,*,SMALLCAPS,0613517000
867377,CMB,*,DEFAULT CMB,0621260021
867377,ROTHSCHILD,*,DEFAULT EDMOND,0621260021
867377,*,*,DEFAULT,0621260021
12020329,NON-US,*, NON-US,0621263249
12020329,US,*,US,0621263249
14426226,POST ALLOC,*,POST ALLOC,0621261075
14318513,POST ALLOC,*,POST ALLOC,0621261075
12157316,GRAVITY EUROPE,*,GRAVITY EUROPE,0621189086
9339345,GRAVITY PLUS EUROPE,*,GRAVITY PLUS EUROPE,0621189086
13873020,ALTAIR,*,ALTAIR,0621258907
13835157,ALTAIR,*,ALTAIR,0621258907
13873020,ALTITUDES,*,ALTITUDES,0621258907
13835157,ALTITUDES,*,ALTITUDES,0621258907
13873020,EXPERT EURO,*,EXPERT EURO,0621258907
13835157,EXPERT EURO,*,EXPERT EURO,0621258907
13873020,PATRIMOINE,*,PATRIMOINE,0621258907
13835157,PATRIMOINE,*,PATRIMOINE,0621258907
13873020,SELECTION,*,SELECTION,0621258907
13835157,SELECTION,*,SELECTION,0621258907
13873020,GLOBAL GOLD,*,GLOBAL GOLD,0621258907
13835157,GLOBAL GOLD,*,GLOBAL GOLD,0621258907
11007072,ALTAIR,*,ALTAIR,0621258907
11007072,ALTITUDES,*,ALTITUDES,0621258907
11007072,EXPERT EURO,*,EXPERT EURO,0621258907
11007072,PATRIMOINE,*,PATRIMOINE,0621258907
11007072,SELECTION,*,SELECTION,0621258907
11007072,GLOBAL GOLD,*,GLOBAL GOLD,0621258907
12157316,GRAVITY PLUS EUROPE,*,GRAVITY PLUS EUROPE,0621189086
9339345,GRAVITY EUROPE,*,GRAVITY EUROPE,0621189086
870404,ABSOLUTE RETURN,*,ABSOLUTE RETURN,0621121536
870404,EUROPEAN EQUITY,*,EUROPEAN EQUITY,0621121536
870404,FLEXIBLE ALLOCATION,*,FLEXIBLE ALLOCATION,0621121536
870404,FLEXIBLE BOND,*,FLEXIBLE BOND,0621121536
4499718,ABSOLUTE RETURN,*,ABSOLUTE RETURN,0621121536
4499718,EUROPEAN EQUITY,*,EUROPEAN EQUITY,0621121536
4499718,FLEXIBLE ALLOCATION,*,FLEXIBLE ALLOCATION,0621121536
4499718,FLEXIBLE BOND,*,FLEXIBLE BOND,0621121536
7622190,DIVERSIFIED,*,DIVERSIFIED,0614684000
7622190,FIXED INCOME,*,FIXED INCOME,0614684000
4210301,ALPHA TAUX,*,ALPHA TAUX,0621233466
13566386,ALPHA TAUX,*,ALPHA TAUX,0621233466
7606276,MODERATE,*,MODERATE,0621118214
5784050,MODERATE,*,MODERATE,0621118214
16379830,MODERATE,*,MODERATE,0621118214
1239505,MODERATE,*,MODERATE,0621118214
7606276,DYNAMIC,*,DYNAMIC,0621118214
5784050,DYNAMIC,*,DYNAMIC,0621118214
16379830,DYNAMIC,*,DYNAMIC,0621118214
1239505,DYNAMIC,*,DYNAMIC,0621118214
16389221,DIVIDENDES,*,DIVIDENDES,0621238422
11146048,DIMENSION,*,DIMENSION,0621273519
11379079,DIMENSION,*,DIMENSION,0621273519
11383231,DIMENSION,*,DIMENSION,0621273519
11146048,GLOBAL MACRO,*,GLOBAL MACRO,0621273519
11379079,GLOBAL MACRO,*,GLOBAL MACRO,0621273519
11383231,GLOBAL MACRO,*,GLOBAL MACRO,0621273519
16541084,DHARMA EQUITY,*,DHARMA EQUITY,0618493000
16541084,FIXED INCOME,*,FIXED INCOME,0618493000
15871993,OSTEDMF,*,OSTEDMF,0621272960
15871993,OSTEEMF,*,OSTEEMF,0621272960
15871993,OSUSGBF,*,OSUSGBF,0621272960
15871993,OSEUGBF,*,OSEUGBF,0621272960
15871993,OSUSIBF,*,OSUSIBF,0621272960
15871993,OSEUIBF,*,OSEUIBF,0621272960
15871993,OSTRIIF,*,OSTRIIF,0621272960
15871993,OSGHYBF,*,OSGHYBF,0621272960
15871993,OSTEMDF,*,OSTEMDF,0621272960
15871993,PERBORG,*,PERBORG,0621272960
15871993,PERKERN,*,PERKERN,0621272960
15871993,PERDYNA,*,PERDYNA,0621272960
5352953,ALPHA OBLIGATAIRE,*,ALPHA OBLIGATAIRE,0601304000
5352953,CAPITAL FI,*, CAPITAL FI,0601304000
5352953,CONVERTIBLE GLOBAL,*,CONVERTIBLE GLOBAL,0601304000
5352953,CREDIT FI,*,CREDIT FI,0601304000
5352953,CREDIT FI COUVERT,*,CREDIT FI COUVERT,0601304000
5352953,FLEX,*,FLEX,0601304000
5352953,GLOBAL COUVERT,*,GLOBAL COUVERT,0601304000
5352953,GLOBAL COUVERT CHF,*,GLOBAL COUVERT CHF,0601304000
5352953,HAMELIN DIVERSIFIE,*,HAMELIN DIVERSIFIE,0601304000
5352953,HAUT RENDEMENT,*,HAUT RENDEMENT,0601304000
5352953,LONG SHORT,*,LONG SHORT,0601304000
5352953,MEDERIC,*,MEDERIC,0601304000
5352953,MEDERIC ALZHEIMER LFG,*,MEDERIC ALZHEIMER LFG,0601304000
5352953,STRATEGIES,*,STRATEGIES,0601304000
5352953,VARIABLE FI,*,VARIABLE FI,0601304000
75828,GESTION PERS-51,*,GESTION PERS-51,0601324000
3867529,GESTION PERS-51,*,GESTION PERS-51,0601324000
13464060,GESTION PERS-51,*,GESTION PERS-51,0601324000
75828,GERER PERF,*,GERER PERF,0601324000
3867529,GERER PERF,*,GERER PERF,0601324000
13464060,GERER PERF,*,GERER PERF,0601324000
4828027,FORTRESS,*,FORTRESS,0621141193
4519329,FORTRESS,*,FORTRESS,0621141193
10418594,MARINELLA,*,MARINELLA,0615647000
10418594,MONACO CAPITALISATION,*,CAPITALISATION,0615647000
10418594,MONACO CORPORATE BOND,*,CORPO BOND,0615647000
10418594,MONACO COURT TERME EURO,*,CT EURO,0615647000
10418594,MONACO COURT TERME USD,*,CT USD,0615647000
10418594,MONACO CSM MAM,*,MAM,0615647000
10418594,MONACO CSM PREVOYANCE,*,PREVOYANCE,0615647000
10418594,MONACO ECO+,*,ECO+,0615647000
10418594,MONACO EXPANSION EURO,*,EX EURO,0615647000
10418594,MONACO EXPANSION USD,*,EX USD,0615647000
10418594,MONACO HIGH DIVIDEND YIELD,*,DIVIDEND YIELD,0615647000
10418594,MONACO PATRIMOINE SEC EURO,*,SECU EURO,0615647000
10418594,MONACO PATRIMOINE SEC USD,*,SECU USD,0615647000
10418594,MONACTION INTERNATIONAL,*,MONACTION,0615647000
14246831,MARINELLA,*,MARINELLA,0615647000
14246831,MONACO CAPITALISATION,*,CAPITALISATION,0615647000
14246831,MONACO CORPORATE BOND,*,CORPO BOND,0615647000
14246831,MONACO COURT TERME EURO,*,CT EURO,0615647000
14246831,MONACO COURT TERME USD,*,CT USD,0615647000
14246831,MONACO CSM MAM,*,MAM,0615647000
14246831,MONACO CSM PREVOYANCE,*,PREVOYANCE,0615647000
14246831,MONACO ECO+,*,ECO+,0615647000
14246831,MONACO EXPANSION EURO,*,EX EURO,0615647000
14246831,MONACO EXPANSION USD,*,EX USD,0615647000
14246831,MONACO HIGH DIVIDEND YIELD,*,DIVIDEND YIELD,0615647000
14246831,MONACO PATRIMOINE SEC EURO,*,SECU EURO,0615647000
14246831,MONACO PATRIMOINE SEC USD,*,SECU USD,0615647000
14246831,MONACTION INTERNATIONAL,*,MONACTION,0615647000
207436,MARINELLA,*,MARINELLA,0615647000
207436,MONACO CAPITALISATION,*,CAPITALISATION,0615647000
207436,MONACO CORPORATE BOND,*,CORPO BOND,0615647000
207436,MONACO COURT TERME EURO,*,CT EURO,0615647000
207436,MONACO COURT TERME USD,*,CT USD,0615647000
207436,MONACO CSM MAM,*,MAM,0615647000
207436,MONACO CSM PREVOYANCE,*,PREVOYANCE,0615647000
207436,MONACO ECO+,*,ECO+,0615647000
207436,MONACO EXPANSION EURO,*,EX EURO,0615647000
207436,MONACO EXPANSION USD,*,EX USD,0615647000
207436,MONACO HIGH DIVIDEND YIELD,*,DIVIDEND YIELD,0615647000
207436,MONACO PATRIMOINE SEC EURO,*,SECU EURO,0615647000
207436,MONACO PATRIMOINE SEC USD,*,SECU USD,0615647000
207436,MONACTION INTERNATIONAL,*,MONACTION,0615647000
32340,MARINELLA,*,MARINELLA,0615647000
32340,MONACO CAPITALISATION,*,CAPITALISATION,0615647000
32340,MONACO CORPORATE BOND,*,CORPO BOND,0615647000
32340,MONACO COURT TERME EURO,*,CT EURO,0615647000
32340,MONACO COURT TERME USD,*,CT USD,0615647000
32340,MONACO CSM MAM,*,MAM,0615647000
32340,MONACO CSM PREVOYANCE,*,PREVOYANCE,0615647000
32340,MONACO ECO+,*,ECO+,0615647000
32340,MONACO EXPANSION EURO,*,EX EURO,0615647000
32340,MONACO EXPANSION USD,*,EX USD,0615647000
32340,MONACO HIGH DIVIDEND YIELD,*,DIVIDEND YIELD,0615647000
32340,MONACO PATRIMOINE SEC EURO,*,SECU EURO,0615647000
32340,MONACO PATRIMOINE SEC USD,*,SECU USD,0615647000
32340,MONACTION INTERNATIONAL,*,MONACTION,0615647000
1854678,COURT TERM,*,COURT TERM,0621277020
1854678,MOYEN TERM,*,MOYEN TERM,0621277020
13178045,DHARMA EQUITY,*,DHARMA EQUITY,0618493000
13178045,FIXED INCOME,*,FIXED INCOME,0618493000
15541012,FLEXIBLE PEA,*,FLEXIBLE PEA,0621260272
15576587,FLEXIBLE PEA,*,FLEXIBLE PEA,0621260272
17476049,DHARMA EQUITY,*,DHARMA EQUITY,0618493000
17476049,FIXED INCOME,*,FIXED INCOME,0618493000
17476049,TACTIC LONG SHORT,*,TACTIC LONG SHORT,0618493000
8177272,SP_FUND,*,SP FUND,0621222063
8177272,UCAP_OPP,*,UCAP OPP,0621222063
8177272,GALAAD,*,GALAAD,0621222063
4678643,SP_FUND,*,SP FUND,0621222063
13582802,SP_FUND,*,SP FUND,0621222063
13582802,UCAP_OPP,*,UCAP OPP,0621222063
13582802,GALAAD,*,GALAAD,0621222063
9054855,SP_FUND,*,SP FUND,0621222063
9054855,UCAP_OPP,*,UCAP OPP,0621222063
9054855,GALAAD,*,GALAAD,0621222063
4791535,SP_FUND,*,SP FUND,0621222063
4791535,UCAP_OPP,*,UCAP OPP,0621222063
4791535,GALAAD,*,GALAAD,0621222063
4678643,UCAP_OPP,*,UCAP OPP,0621222063
4678643,GALAAD,*,GALAAD,0621222063
16541084,TACTIC LONG SHORT,*,TACTIC LONG SHORT,0618493000
16541084,OPTIMA,*,OPTIMA,0618493000
13178045,TACTIC LONG SHORT,*,TACTIC LONG SHORT,0618493000
13178045,OPTIMA,*,OPTIMA,0618493000
10465890,DHARMA EQUITY,*,DHARMA EQUITY,0618493000
10465890,FIXED INCOME,*,FIXED INCOME,0618493000
10465890,TACTIC LONG SHORT,*,TACTIC LONG SHORT,0618493000
10465890,OPTIMA,*,OPTIMA,0618493000
13576201,EURO PLUS,*,EURO PLUS,0618493000
13727942,EURO PLUS,*,EURO PLUS,0618493000
13947717,EURO PLUS,*,EURO PLUS,0618493000
16541084,EURO PLUS,*,EURO PLUS,0618493000
13178045,EURO PLUS,*,EURO PLUS,0618493000
17476049,EURO PLUS,*,EURO PLUS,0618493000
10465890,EURO PLUS,*,EURO PLUS,0618493000
14051984,EUROPE SELECTION,*,EUROPE SELECTION,0613517000
12748158,EUROPE SELECTION,*,EUROPE SELECTION,0613517000
10238015,EUROPE SELECTION,*,EUROPE SELECTION,0613517000
11574608,BREHAT,*,BREHAT,0621286245
1068195,CAS03,*,227CAS03,0174143000
1265900,CAS03,*,227CAS03,0174143000
13763678,CAS03,*,227CAS03,0174143000
14103351,CAS03,*,227CAS03,0174143000
15178688,CAS03,*,227CAS03,0174143000
16948581,CAS03,*,227CAS03,0174143000
4842852,CAS03,*,227CAS03,0174143000
7404913,CAS03,*,227CAS03,0174143000
1068195,CAS04,*,227CAS04,0174143000
1265900,CAS04,*,227CAS04,0174143000
13763678,CAS04,*,227CAS04,0174143000
14103351,CAS04,*,227CAS04,0174143000
15178688,CAS04,*,227CAS04,0174143000
16948581,CAS04,*,227CAS04,0174143000
4842852,CAS04,*,227CAS04,0174143000
7404913,CAS04,*,227CAS04,0174143000
1068195,PENDING,future,22705501A,0174143000
1265900,PENDING,future,22705501A,0174143000
13763678,PENDING,future,22705501A,0174143000
14103351,PENDING,future,22705501A,0174143000
15178688,PENDING,future,22705501A,0174143000
16948581,PENDING,future,22705501A,0174143000
4842852,PENDING,future,22705501A,0174143000
7404913,PENDING,future,22705501A,0174143000
1068195,PENDING,option,22705502A,0174143000
1265900,PENDING,option,22705502A,0174143000
13763678,PENDING,option,22705502A,0174143000
14103351,PENDING,option,22705502A,0174143000
15178688,PENDING,option,22705502A,0174143000
16948581,PENDING,option,22705502A,0174143000
4842852,PENDING,option,22705502A,0174143000
7404913,PENDING,option,22705502A,0174143000
1068195,*,*,PENDING,0174143000
1265900,*,*,PENDING,0174143000
13763678,*,*,PENDING,0174143000
14103351,*,*,PENDING,0174143000
15178688,*,*,PENDING,0174143000
16948581,*,*,PENDING,0174143000
4842852,*,*,PENDING,0174143000
7404913,*,*,PENDING,0174143000
1300540,AUDI SUISSE,*,AUDI SUISSE,LUX0018516
952375,AUDI SUISSE,*,AUDI SUISSE,LUX0018516
12020329,AUDI SUISSE,*,AUDI SUISSE,LUX0018516
12395826,GS,*,GS,0621121529
14297748,GS,*,GS,0621121529
14407930,GS,*,GS,0621121529
14110170,SYNERGY TOTAL,*,SYNERGY TOTAL,0621286757
14110170,CORPORATE BONDS,*,CORPORATE BONDS,0621286757
16949679,SYNERGY TOTAL,*,SYNERGY TOTAL,0621286757
16949679,CORPORATE BONDS,*,CORPORATE BONDS,0621286757
306485,SEDECDOL,*,SEDECDOL,0606556000
306485,SEDECNOH,*,SEDECNOH,0606556000
306485,SEDECREN,*,SEDECREN,0606556000
14405170,CONSERVATIVE,*,CONSERVATIVE,0621226048
14405170,DIVERSIFIED,*,DIVERSIFIED,0621226048
14405170,GAA,*,GAA,0621226048
14405170,GLOBAL,*,GLOBAL,0621226048
14405170,INFLATION,*,INFLATION,0621226048
14405170,NOBI,*,NOBI,0621226048
14405170,VALUE,*,VALUE,0621226048
14405170,VOLATILITY,*,VOLATILITY,0621226048
14405170,AMERICA,*,AMERICA 38,0621226048
14405170,EUROPA,*,EUROPA 38,0621226048
14405170,REJECT,*,REJECT,0621226048
14405170,MARTIN,*,MARTIN,0621226048
13709631,OSTEDMF,*,OSTEDMF,0621272960
13709631,OSTEEMF,*,OSTEEMF,0621272960
13709631,OSUSGBF,*,OSUSGBF,0621272960
13709631,OSEUGBF,*,OSEUGBF,0621272960
13709631,OSUSIBF,*,OSUSIBF,0621272960
13709631,OSEUIBF,*,OSEUIBF,0621272960
13709631,OSTRIIF,*,OSTRIIF,0621272960
13709631,OSGHYBF,*,OSGHYBF,0621272960
13709631,OSTEMDF,*,OSTEMDF,0621272960
13709631,PERBORG,*,PERBORG,0621272960
13709631,PERKERN,*,PERKERN,0621272960
13709631,PERDYNA,*,PERDYNA,0621272960
8177272,BCAP_GROWTH,*,CAPITAL GROWTH,0621222063
4678643,BCAP_GROWTH,*,CAPITAL GROWTH,0621222063
13582802,BCAP_GROWTH,*,CAPITAL GROWTH,0621222063
9054855,BCAP_GROWTH,*,CAPITAL GROWTH,0621222063
4791535,BCAP_GROWTH,*,CAPITAL GROWTH,0621222063
8177272,BCAP_ABSOLUTE,*,CAPITAL GLB,0621222063
4678643,BCAP_ABSOLUTE,*,CAPITAL GLB,0621222063
13582802,BCAP_ABSOLUTE,*,CAPITAL GLB,0621222063
9054855,BCAP_ABSOLUTE,*,CAPITAL GLB,0621222063
4791535,BCAP_ABSOLUTE,*,CAPITAL GLB,0621222063
8177272,ALYESKA,*,ALYESKA,0621222063
4678643,ALYESKA,*,ALYESKA,0621222063
13582802,ALYESKA,*,ALYESKA,0621222063
9054855,ALYESKA,*,ALYESKA,0621222063
4791535,ALYESKA,*,ALYESKA,0621222063
15231261,CT,*,CT,0173369000
15231261,OBLIG,*,OBLIG,0173369000
12882356,CT,*,CT,0173369000
12882356,OBLIG,*,OBLIG,0173369000
32340,DIAMOND,*,DIAMOND,0615647000
207436,DIAMOND,*,DIAMOND,0615647000
14246831,DIAMOND,*,DIAMOND,0615647000
18199224,WOLFGANG STEUBING AG,*,WOLFGANG STEUBING AG,0616271000
4843908,WOLFGANG STEUBING AG,*,WOLFGANG STEUBING AG,0616271000
9652044,ALTIVALOR,*,ALTIVALOR,0612454000
9652044,AREVALOR,*,AREVALOR,0612454000
9652044,CONGREGATION INV,*,CONGREGATION INV,0612454000
9652044,DAUPHINE EP,*,DAUPHINE EP,0612454000
9652044,DAUPHINE PLC,*,DAUPHINE PLC,0612454000
9652044,INTERVALOR,*,INTERVALOR,0612454000
9652044,OBLIVALOR,*,OBLIVALOR,0612454000
9652044,OPTIVALOR,*,OPTIVALOR,0612454000
9652044,PLUVAL PREM,*,PLUVAL PREM,0612454000
9652044,PLUVAL2,*,PLUVAL2,0612454000
9652044,PLUVALOR,*,PLUVALOR,0612454000
9652044,QUATUOR,*,QUATUOR,0612454000
9652044,RDT VALOR,*,RDT VALOR,0612454000
18190007,EUROPE SELECTION,*,EUROPE SELECTION,0613517000
18190007,ADAMANT,*,ADAMANT,0613517000
18190007,EONOS5,*,EONOS5,0613517000
18190007,MULTICAPS,*,MULTICAPS,0613517000
18190007,GL MACRO,*,GL_MACRO,0613517000
18190007,AFIM REACTIF,*,AFIM_REACTIF,0613517000
18190007,INTERNATIONAL,*,INTERNATIONAL,0613517000
18190007,SELECT MONDE,*,SELECT_MONDE,0613517000
18190007,PATRIMOINE,*,PATRIMOINE,0613517000
18190007,REACTIF,*,REACTIF,0613517000
18190007,OPERA,*,OPERA,0613517000
18190007,ALPHA NOVA HORIZON,*,NOVA_HORIZON,0613517000
18190007,SMALLCAPS,*,SMALLCAPS,0613517000
4263123,*,*,DEFAULT,0621332276
8893150,*,*,DEFAULT,0621332276
17234663,*,*,DEFAULT,0621332276
11106575,ALTIVALOR,*,ALTIVALOR,0612454000
11106575,AREVALOR,*,AREVALOR,0612454000
11106575,CONGREGATION INV,*,CONGREGATION INV,0612454000
11106575,DAUPHINE EP,*,DAUPHINE EP,0612454000
11106575,DAUPHINE PLC,*,DAUPHINE PLC,0612454000
11106575,INTERVALOR,*,INTERVALOR,0612454000
11106575,OBLIVALOR,*,OBLIVALOR,0612454000
11106575,OPTIVALOR,*,OPTIVALOR,0612454000
11106575,PLUVAL PREM,*,PLUVAL PREM,0612454000
11106575,PLUVAL2,*,PLUVAL2,0612454000
11106575,PLUVALOR,*,PLUVALOR,0612454000
11106575,QUATUOR,*,QUATUOR,0612454000
11106575,RDT VALOR,*,RDT VALOR,0612454000
5350065,LCG CCLI872720,*,CONVERTIBLE GLOBAL,0601304000
5350065,OCE CCLI979910,*,CONVERTIBLES EUROPE,0601304000
5350065,RCC CCLI011630,*,ORIENTATION,0601304000
5350065,UBS Main / Ucits,*,LAZARD MAIN,0601304000
5350065,UBS FIA,*,001LFBFI,0601304000
15560058,LCG CCLI872720,*,CONVERTIBLE GLOBAL,0601304000
15560058,OCE CCLI979910,*,CONVERTIBLES EUROPE,0601304000
15560058,RCC CCLI011630,*,ORIENTATION,0601304000
15560058,UBS Main / Ucits,*,LAZARD MAIN,0601304000
15560058,UBS FIA,*,001LFBFI,0601304000
1233971,HAM CCLI618420,*,HAMELIN DIVERSIFIE,0601304000
1233971,UBS Main / Ucits,*,LAZARD MAIN,0601304000
1233971,UBS FIA,*,001LFBFI,0601304000
1233971,BP2S PARAVEN,*,PARAVEN,0601304000
1233971,BP2S SM3,*,SM3,0601304000
1233971,Newedge 40005593,*,40005593,0601304000
1192651,Variable Fi CCLI879990,*,VARIABLE FI,0601304000
1192651,UBS Main / Ucits,*,LAZARD MAIN,0601304000
1192651,UBS FIA,*,001LFBFI,0601304000
13519572,Variable Fi CCLI879990,*,VARIABLE FI,0601304000
13519572,UBS Main / Ucits,*,LAZARD MAIN,0601304000
13519572,UBS FIA,*,001LFBFI,0601304000
4753958,Variable Fi CCLI879990,*,VARIABLE FI,0601304000
4753958,UBS Main / Ucits,*,LAZARD MAIN,0601304000
4753958,UBS FIA,*,001LFBFI,0601304000
5009531,HAM CCLI618420,*,HAMELIN DIVERSIFIE,0601304000
5009531,LCG CCLI872720,*,CONVERTIBLE GLOBAL,0601304000
5009531,OCE CCLI979910,*,CONVERTIBLES EUROPE,0601304000
5009531,RCC CCLI011630,*,ORIENTATION,0601304000
5009531,Variable Fi CCLI879990,*,VARIABLE FI,0601304000
5009531,UBS Main / Ucits,*,LAZARD MAIN,0601304000
5009531,UBS FIA,*,001LFBFI,0601304000
5009531,BP2S PARAVEN,*,PARAVEN,0601304000
5009531,BP2S SM3,*,SM3,0601304000
5009531,Newedge 40005593,*,40005593,0601304000
1241834,CAPITAM,*,CAPITAM,0621168919
1241834,BEST OF WORLD,*,BEST OF WORLD,0621168919
1241834,QUARTZ BALANCED,*,QUARTZ BALANCED,0621168919
1241834,PATRIMOINE,*, PATRIMOINE,0621168919
1241834,CAPITAL VALUE DEFENSIVE,*,CAPITAL VALUE DEFENSIVE,0621168919
1241834,CAPITAL VALUE DYNAMIC,*,CAPITAL VALUE DYNAMIC,0621168919
1241834,CARE FUND,*,CARE FUND,0621168919
1192651,*,*,PENDING,0601304000
1233971,*,*,PENDING,0601304000
4753958,*,*,PENDING,0601304000
5009531,*,*,PENDING,0601304000
5350065,*,*,PENDING,0601304000
13519572,*,*,PENDING,0601304000
15560058,*,*,PENDING,0601304000
3264438,ALIZE,*,ALIZE,0621323573
3264438,PATRIMOINE,*,PATRIMOINE,0621323573
8181497,ALIZE,*,ALIZE,0621323573
8181497,PATRIMOINE,*,PATRIMOINE,0621323573
15238654,ALIZE,*,ALIZE,0621323573
15238654,PATRIMOINE,*,PATRIMOINE,0621323573
6666825,ALIZE,*,ALIZE,0621323573
6666825,PATRIMOINE,*,PATRIMOINE,0621323573
5246469,ALIZE,*,ALIZE,0621323573
5246469,PATRIMOINE,*,PATRIMOINE,0621323573
3478113,ALIZE,*,ALIZE,0621323573
3478113,PATRIMOINE,*,PATRIMOINE,0621323573
1338773,ALIZE,*,ALIZE,0621323573
1338773,PATRIMOINE,*,PATRIMOINE,0621323573
4276008,ALIZE,*,ALIZE,0621323573
4276008,PATRIMOINE,*,PATRIMOINE,0621323573
7392286,ALIZE,*,ALIZE,0621323573
7392286,PATRIMOINE,*,PATRIMOINE,0621323573
3593492,ALIZE,*,ALIZE,0621323573
3593492,PATRIMOINE,*,PATRIMOINE,0621323573
3113643,ALIZE,*,ALIZE,0621323573
3113643,PATRIMOINE,*,PATRIMOINE,0621323573
9365104,OPTICAL INCOME,*,OPTICAL INCOME,0621121342
15031917,OPTICAL INCOME,*,OPTICAL INCOME,0621121342
15803098,OPTICAL INCOME,*,OPTICAL INCOME,0621121342
4539250,FUTOPT,*,FUT OPT OWN ACC,0621286783
4539250,OWN,*,OWN ACCOUNT,0621286783
11106575,*,*,DEFAULT,0612454000
7622190,RECOVERY,*,RECOVERY,0614684000
7622190,VOLATILITY,*,LOW VOLATILITY,0614684000
7622190,PATRIMOINE,*,PATRIMOINE,0614684000
7622190,DYNAMIQUE,*,DYNAMIQUE,0614684000
6328993,SIP,*,ANTENOR,0603389000
10662813,SIP,*,ANTENOR,0603389000
10671962,SIP,*,ANTENOR,0603389000
9804802,SIP,*,ANTENOR,0603389000
9169248,BATIMENT IDF,*,BATIMENT IDF,0620608000
9169248,GLOBAL BOND,*,BOND,0620608000
9169248,SHORT DURATION,*,DURATION,0620608000
9257899,BATIMENT IDF,*,BATIMENT IDF,0620608000
9257899,GLOBAL BOND,*,BOND,0620608000
9257899,SHORT DURATION,*,DURATION,0620608000
14990052,BATIMENT IDF,*,BATIMENT IDF,0620608000
14990052,GLOBAL BOND,*,BOND,0620608000
14990052,SHORT DURATION,*,DURATION,0620608000
18473828,TACTIC LONG SHORT,*,TACTIC LONG SHORT,0618493000
7162274,AEQUAM DIVERSIFIED,*,AEQUAM DIVERSIFIED,0616110000
17194734,HAASUCITSABS,*,HAASUCITSABS,0621249472
9485341,FUTOPT,*,FUT OPT OWN ACC,0621286783
9485341,OWN,*,OWN ACCOUNT,0621286783
15548615,FUTOPT,*,FUT OPT OWN ACC,0621286783
15548615,OWN,*,OWN ACCOUNT,0621286783
15123200,FUTOPT,*,FUT OPT OWN ACC,0621286783
15123200,OWN,*,OWN ACCOUNT,0621286783
18556559,SYNERGY TOTAL,*,SYNERGY TOTAL,0621286757
18556559,CORPORATE BONDS,*,CORPORATE BONDS,0621286757
14110170,ACCOUNT 1,*,ACCOUNT 1,0621286757
14110170,ACCOUNT 2,*,ACCOUNT 2,0621286757
14110170,ACCOUNT 3,*,ACCOUNT 3,0621286757
16949679,ACCOUNT 1,*,ACCOUNT 1,0621286757
16949679,ACCOUNT 2,*,ACCOUNT 2,0621286757
16949679,ACCOUNT 3,*,ACCOUNT 3,0621286757
18556559,ACCOUNT 1,*,ACCOUNT 1,0621286757
18556559,ACCOUNT 2,*,ACCOUNT 2,0621286757
18556559,ACCOUNT 3,*,ACCOUNT 3,0621286757
17442854,EURO SHORT,*,EURO SHORT,0621119471
17442854,USD SHORT,*,USD SHORT,0621119471
14220605,EURO SHORT,*,EURO SHORT,0621119471
14220605,USD SHORT,*,USD SHORT,0621119471
5288798,EURO SHORT,*,EURO SHORT,0621119471
5288798,USD SHORT,*,USD SHORT,0621119471
5664163,EURO SHORT,*,EURO SHORT,0621119471
5664163,USD SHORT,*,USD SHORT,0621119471
4832540,EURO SHORT,*,EURO SHORT,0621119471
4832540,USD SHORT,*,USD SHORT,0621119471
634312,EURO SHORT,*,EURO SHORT,0621119471
634312,USD SHORT,*,USD SHORT,0621119471
3113927,EURO SHORT,*,EURO SHORT,0621119471
3113927,USD SHORT,*,USD SHORT,0621119471
17816310,LONG SHORT,*,LONG SHORT,0621224345
9652044,IMMO-OR,*,IMMO-OR,0612454000
11106575,IMMO-OR,*,IMMO-OR,0612454000
5613802,RAIF,*,RAIF,0045930000
1845462,RAIF,*,RAIF,0045930000
15465343,RAIF,*,RAIF,0045930000
5616704,EUR ABSOLUTE RETURN,*,EUR ABSOLUTE RETURN,0621282970
5303716,EUR ABSOLUTE RETURN,*,EUR ABSOLUTE RETURN,0621282970
18521204,BTMXGLOBAL,*,BTMXGLOBAL,0603414000
18521204,BOURBON,*,BOURBON,0603414000
18521204,BTMXEUROPE,*,BTMXEUROPE,0603414000
18521204,BTMXEMERGENTS,*,BTMXEMERGENTS,0603414000
18521204,MEDICIS,*,MEDICIS,0603414000
18521204,DEFAULT,*,DEFAULT,0603414000
1192651,OSO,*,STRATEGIES OBLIGATAIRES,0601304000
1233971,OSO,*,STRATEGIES OBLIGATAIRES,0601304000
4753958,OSO,*,STRATEGIES OBLIGATAIRES,0601304000
5009531,OSO,*,STRATEGIES OBLIGATAIRES,0601304000
5350065,OSO,*,STRATEGIES OBLIGATAIRES,0601304000
13519572,OSO,*,STRATEGIES OBLIGATAIRES,0601304000
15560058,OSO,*,STRATEGIES OBLIGATAIRES,0601304000
15649470,CONVERGENCE,*, CONVERGENCE,0621223167
7253821,OSO,*,STRATEGIES OBLIGATAIRES,0601304000
5352953,OSO,*,STRATEGIES OBLIGATAIRES,0601304000
3426750,OSO,*,STRATEGIES OBLIGATAIRES,0601304000
18454947,OSTEDMF,*,OSTEDMF,0621272960
18454947,OSTEEMF,*,OSTEEMF,0621272960
18454947,OSUSGBF,*,OSUSGBF,0621272960
18454947,OSEUGBF,*,OSEUGBF,0621272960
18454947,OSUSIBF,*,OSUSIBF,0621272960
18454947,OSEUIBF,*,OSEUIBF,0621272960
18454947,OSTRIIF,*,OSTRIIF,0621272960
18454947,OSGHYBF,*,OSGHYBF,0621272960
18454947,OSTEMDF,*,OSTEMDF,0621272960
18454947,PERBORG,*,PERBORG,0621272960
18454947,PERKERN,*,PERKERN,0621272960
18454947,PERDYNA,*,PERDYNA,0621272960
9463356,CLARESCO,*,CLARESCO,0606544000
9463356,CMCIC,*,CMCIC,0606544000
9463356,CLARESCO ALL FLEX,*,CLARESCO ALL FLEX,0606544000
9463356,CLARESCO AVENIR,*,CLARESCO AVENIR,0606544000
9463356,CLARESCO PME,*,CLARESCO PME,0606544000
9463356,CLARESCO EUROPE,*,CLARESCO EUROPE,0606544000
9463356,CLARESCO SICAV,*,CLARESCO SICAV,0606544000
9463356,CLARESCO USA,*,CLARESCO USA,0606544000
5322456,CLARESCO,*,CLARESCO,0606544000
5322456,CMCIC,*,CMCIC,0606544000
5322456,CLARESCO ALL FLEX,*,CLARESCO ALL FLEX,0606544000
5322456,CLARESCO AVENIR,*,CLARESCO AVENIR,0606544000
5322456,CLARESCO PME,*,CLARESCO PME,0606544000
5322456,CLARESCO EUROPE,*,CLARESCO EUROPE,0606544000
5322456,CLARESCO SICAV,*,CLARESCO SICAV,0606544000
5322456,CLARESCO USA,*,CLARESCO USA,0606544000
7253821,OSO CCLI 1162080,*,STRATEGIES OBLIGATAIRES,0601304000
5352953,OSO CCLI 1162080,*,STRATEGIES OBLIGATAIRES,0601304000
3426750,OSO CCLI 1162080,*,STRATEGIES OBLIGATAIRES,0601304000
1192651,OSO CCLI 1162080,*,STRATEGIES OBLIGATAIRES,0601304000
1233971,OSO CCLI 1162080,*,STRATEGIES OBLIGATAIRES,0601304000
4753958,OSO CCLI 1162080,*,STRATEGIES OBLIGATAIRES,0601304000
5009531,OSO CCLI 1162080,*,STRATEGIES OBLIGATAIRES,0601304000
5350065,OSO CCLI 1162080,*,STRATEGIES OBLIGATAIRES,0601304000
13519572,OSO CCLI 1162080,*,STRATEGIES OBLIGATAIRES,0601304000
15560058,OSO CCLI 1162080,*,STRATEGIES OBLIGATAIRES,0601304000
18209396,CLIENT,*,CLIENT,0615647000
18209396,FONDS,*,FONDS,0615647000
18209396,INVESCO,*,INVESCO,0615647000
18209396,PROPRIETAIRE,*,PROPRIETAIRE,0615647000
18209396,SICAV CORPORATE BONDS,*,CORPORATE BONDS,0615647000
18209396,SICAV DETTE EMERGENTE,*,DETTE EMERGENTE,0615647000
18209396,SICAV EXPANSION,*,EXPANSION,0615647000
18209396,SICAV HIGH YIELD EQUITY,*,HIGH YIELD EQU,0615647000
18209396,MARINELLA,*,MARINELLA,0615647000
18209396,MONACO CAPITALISATION,*,CAPITALISATION,0615647000
18209396,MONACO CORPORATE BOND,*,CORPO BOND,0615647000
18209396,MONACO COURT TERME EURO,*,CT EURO,0615647000
18209396,MONACO COURT TERME USD,*,CT USD,0615647000
18209396,MONACO CSM MAM,*,MAM,0615647000
18209396,MONACO CSM PREVOYANCE,*,PREVOYANCE,0615647000
18209396,MONACO ECO+,*,ECO+,0615647000
18209396,MONACO EXPANSION EURO,*,EX EURO,0615647000
18209396,MONACO EXPANSION USD,*,EX USD,0615647000
18209396,MONACO HIGH DIVIDEND YIELD,*,DIVIDEND YIELD,0615647000
18209396,MONACO PATRIMOINE SEC EURO,*,SECU EURO,0615647000
18209396,MONACO PATRIMOINE SEC USD,*,SECU USD,0615647000
18209396,MONACTION INTERNATIONAL,*,MONACTION,0615647000
18209396,DIAMOND,*,DIAMOND,0615647000
10238015,DYNAMIQUE,*,DYNAMIQUE,0613517000
14051984,DYNAMIQUE,*,DYNAMIQUE,0613517000
18190007,DYNAMIQUE,*,DYNAMIQUE,0613517000
18944157,FUTURES,*,FUTURES,0621248754
18944157,PROP ACCOUNT,*,PROP ACCOUNT,0621248754
18944157,NON US CLIENTS,*,NON US CLIENTS,0621248754
18944157,US CLIENTS,*,US CLIENTS,0621248754
75828,IMPULSION TAUX,*,IMPULSION TAUX,0601324000
3867529,IMPULSION TAUX,*,IMPULSION TAUX,0601324000
13464060,IMPULSION TAUX,*,IMPULSION TAUX,0601324000
13320108,IMPULSION TAUX,*,IMPULSION TAUX,0601324000
17816310,EVOLUTION EUROPE,*,EVOLUTION EUROPE,0621224345
17816310,FONDATION EQUILIBRE,*,FONDATION EQUILIBRE,0621224345
9054855,IFA,*,GLOBLASMART,0621222063
9144550,IFA,*,GLOBLASMART,0621222063
11299188,IFA,*,GLOBLASMART,0621222063
13582802,IFA,*,GLOBLASMART,0621222063
4791535,IFA,*,GLOBLASMART,0621222063
4678643,IFA,*,GLOBLASMART,0621222063
8177272,IFA,*,GLOBLASMART,0621222063
9463356,USA,*,CLARESCO USA,0606544000
9463356,ALL FLEXIBLE,*,CLARESCO ALL FLEX,0606544000
9463356,EUROPE,*,CLARESCO EUROPE,0606544000
9463356,PME,*,CLARESCO PME,0606544000
9463356,AVENIR,*,CLARESCO AVENIR,0606544000
9463356,GLOBAL STRATEGY,*,CLARESCO SICAV,0606544000
5322456,USA,*,CLARESCO USA,0606544000
5322456,ALL FLEXIBLE,*,CLARESCO ALL FLEX,0606544000
5322456,EUROPE,*,CLARESCO EUROPE,0606544000
5322456,PME,*,CLARESCO PME,0606544000
5322456,AVENIR,*,CLARESCO AVENIR,0606544000
5322456,GLOBAL STRATEGY,*,CLARESCO SICAV,0606544000
16368355,USA,*,CLARESCO USA,0606544000
16368355,ALL FLEXIBLE,*,CLARESCO ALL FLEX,0606544000
16368355,EUROPE,*,CLARESCO EUROPE,0606544000
16368355,PME,*,CLARESCO PME,0606544000
16368355,AVENIR,*,CLARESCO AVENIR,0606544000
16368355,GLOBAL STRATEGY,*,CLARESCO SICAV,0606544000
18360544,HAM CCLI618420,*,HAMELIN DIVERSIFIE,0601304000
18360544,LCG CCLI872720,*,CONVERTIBLE GLOBAL,0601304000
18360544,OCE CCLI979910,*,CONVERTIBLES EUROPE,0601304000
18360544,RCC CCLI011630,*,ORIENTATION,0601304000
18360544,Variable Fi CCLI879990,*,VARIABLE FI,0601304000
18360544,UBS Main / Ucits,*,LAZARD MAIN,0601304000
18360544,UBS FIA,*,001LFBFI,0601304000
18360544,BP2S PARAVEN,*,PARAVEN,0601304000
18360544,BP2S SM3,*,SM3,0601304000
18360544,Newedge 40005593,*,40005593,0601304000
18360544,*,*,PENDING,0601304000
18360544,OSO,*,STRATEGIES OBLIGATAIRES,0601304000
18360544,OSO CCLI 1162080,*,STRATEGIES OBLIGATAIRES,0601304000
11318400,ALTIVALOR,*,ALTIVALOR,0612454000
11318400,AREVALOR,*,AREVALOR,0612454000
11318400,CONGREGATION INV,*,CONGREGATION INV,0612454000
11318400,DAUPHINE EP,*,DAUPHINE EP,0612454000
11318400,DAUPHINE PLC,*,DAUPHINE PLC,0612454000
11318400,INTERVALOR,*,INTERVALOR,0612454000
11318400,OBLIVALOR,*,OBLIVALOR,0612454000
11318400,OPTIVALOR,*,OPTIVALOR,0612454000
11318400,PLUVAL PREM,*,PLUVAL PREM,0612454000
11318400,PLUVAL2,*,PLUVAL2,0612454000
11318400,PLUVALOR,*,PLUVALOR,0612454000
11318400,QUATUOR,*,QUATUOR,0612454000
11318400,RDT VALOR,*,RDT VALOR,0612454000
11318400,IMMO-OR,*,IMMO-OR,0612454000
7062071,FUTURES,*,FUTURES,0621248754
7062071,PROP ACCOUNT,*,PROP ACCOUNT,0621248754
7062071,NON US CLIENTS,*,NON US CLIENTS,0621248754
7062071,US CLIENTS,*,US CLIENTS,0621248754
3770988,BALANCED,*,RAINBOW BALANCED,0621176610
3770988,EMERGING,*,RAINBOW EMERGING,0621176610
3770988,FLEXIBLE,*,RAINBOW FLEXIBLE,0621176610
9144555,BALANCED,*,RAINBOW BALANCED,0621176610
9144555,EMERGING,*,RAINBOW EMERGING,0621176610
9144555,FLEXIBLE,*,RAINBOW FLEXIBLE,0621176610
18260906,BALANCED,*,RAINBOW BALANCED,0621176610
18260906,EMERGING,*,RAINBOW EMERGING,0621176610
18260906,FLEXIBLE,*,RAINBOW FLEXIBLE,0621176610
14985025,BALANCED,*,RAINBOW BALANCED,0621176610
14985025,EMERGING,*,RAINBOW EMERGING,0621176610
14985025,FLEXIBLE,*,RAINBOW FLEXIBLE,0621176610
15759622,ALPHA TAUX,*,ALPHA TAUX,0621233466
19370531,DHARMA EQUITY,*,DHARMA EQUITY,0618493000
19370531,FIXED INCOME,*,FIXED INCOME,0618493000
19370531,TACTIC LONG SHORT,*,TACTIC LONG SHORT,0618493000
19370531,EURO PLUS,*,EURO PLUS,0618493000
4011489,*,*,DEFAULT,0621338667
7444596,*,*,DEFAULT,0621338667
9109076,*,*,DEFAULT,0621338667
11830188,*,*,DEFAULT,0621338667
20574341,*,*,DEFAULT,0621338667
10428693,P22700054,*,REFLEX,0604258000
10662163,P22700054,*,REFLEX,0604258000
14127329,P22700054,*,REFLEX,0604258000
13139330,P22700054,*,REFLEX,0604258000
10378738,P22700054,*,REFLEX,0604258000
5435262,P22700054,*,REFLEX,0604258000
10378738,P22700054,*,REFLEX,0604258000
10428693,P22749389,*,MULTISTRATEGIE,0604258000
10662163,P22749389,*,MULTISTRATEGIE,0604258000
14127329,P22749389,*,MULTISTRATEGIE,0604258000
13139330,P22749389,*,MULTISTRATEGIE,0604258000
10378738,P22749389,*,MULTISTRATEGIE,0604258000
5435262,P22749389,*,MULTISTRATEGIE,0604258000
10378738,P22749389,*,MULTISTRATEGIE,0604258000
10428693,P22749388,*,OPTIMAL VALUE,0604258000
10662163,P22749388,*,OPTIMAL VALUE,0604258000
14127329,P22749388,*,OPTIMAL VALUE,0604258000
13139330,P22749388,*,OPTIMAL VALUE,0604258000
10378738,P22749388,*,OPTIMAL VALUE,0604258000
5435262,P22749388,*,OPTIMAL VALUE,0604258000
10378738,P22749388,*,OPTIMAL VALUE,0604258000
7039550,ORANGE SA,*,ORANGE SA,0621122926
3231597,ORANGE SA,*,ORANGE SA,0621122926
7722953,ORANGE SA,*,ORANGE SA,0621122926
22115,ORANGE SA,*,ORANGE SA,0621122926
17741423,ABSOLUMENT,*,ABSOLUMENT,0601324000
17741423,ACTIONS DEFENSIVES EU,*,ACTIONS DEFENSIVES EU,0601324000
17741423,ALPHA CT,*,ALPHA CT,0601324000
17741423,GERER CT,*,GERER CT,0601324000
17741423,PREMIERE SICAV,*,PREMIERE SICAV,0601324000
17741423,REGULARITE PLUS,*,REGULARITE PLUS,0601324000
17741423,REVENU TRIM,*,REVENU TRIM,0601324000
17741423,UNIMT SICAV,*,UNIMT SICAV,0601324000
17741423,IMPULSION TAUX,*,IMPULSION TAUX,0601324000
9365104,EURO GL BOND,*,EURO GL BOND,0621121536
15031917,EURO GL BOND,*,EURO GL BOND,0621121536
15803098,EURO GL BOND,*,EURO GL BOND,0621121536
3754518,43423,*,BFI ACTIV CHFV7,LUX0437369
3754518,43426,*,BFI ACTIV EUR,LUX0437369
3754518,83579,*,BFI BALANCE EUR,LUX0437369
3754518,93797,*,BFI CAP PRO C P,LUX0437369
3754518,83578,*,BFI CONSERV EUR,LUX0437369
3754518,83580,*,BFI CQ DYN EUR,LUX0437369
3754518,43425,*,BFI DYNAMIC CHF,LUX0437369
3754518,43428,*,BFI DYNAMIC EUR,LUX0437369
3754518,94483,*,BFI EQ FD EUR,LUX0437369
3754518,43432,*,BFI EURBOND EUR,LUX0437369
3754518,43431,*,BFI INTRSTK CHF,LUX0437369
3754518,43424,*,BFI PROGRE CHF,LUX0437369
3754518,43427,*,BFI PROGRES EUR,LUX0437369
3754518,91151,*,BFI SWFR BD CHF,LUX0437369
3754518,54214,*,BFIEURTARV5PCT,LUX0437369
3754518,54211,*,BFISWISSTARVPCTT,LUX0437369
3754518,43830,*,CSA BAL AKT CHE,LUX0437369
3754518,22952,*,CSA BAL AKT EMK,LUX0437369
3754518,54886,*,CSA BAL AKT EU,LUX0437369
3754518,43831,*,CSA BAL AKT PAS,LUX0437369
3754518,43832,*,CSA BAL AKT ROW,LUX0437369
3754518,43833,*,CSA BAL OBL CHG,LUX0437369
3754518,43834,*,CSA BAL OBL EMU,LUX0437369
5322180,43423,*,BFI ACTIV CHFV7,LUX0437369
5322180,43426,*,BFI ACTIV EUR,LUX0437369
5322180,83579,*,BFI BALANCE EUR,LUX0437369
5322180,93797,*,BFI CAP PRO C P,LUX0437369
5322180,83578,*,BFI CONSERV EUR,LUX0437369
5322180,83580,*,BFI CQ DYN EUR,LUX0437369
5322180,43425,*,BFI DYNAMIC CHF,LUX0437369
5322180,43428,*,BFI DYNAMIC EUR,LUX0437369
5322180,94483,*,BFI EQ FD EUR,LUX0437369
5322180,43432,*,BFI EURBOND EUR,LUX0437369
5322180,43431,*,BFI INTRSTK CHF,LUX0437369
5322180,43424,*,BFI PROGRE CHF,LUX0437369
5322180,43427,*,BFI PROGRES EUR,LUX0437369
5322180,91151,*,BFI SWFR BD CHF,LUX0437369
5322180,54214,*,BFIEURTARV5PCT,LUX0437369
5322180,54211,*,BFISWISSTARVPCTT,LUX0437369
5322180,43830,*,CSA BAL AKT CHE,LUX0437369
5322180,22952,*,CSA BAL AKT EMK,LUX0437369
5322180,54886,*,CSA BAL AKT EU,LUX0437369
5322180,43831,*,CSA BAL AKT PAS,LUX0437369
5322180,43832,*,CSA BAL AKT ROW,LUX0437369
5322180,43833,*,CSA BAL OBL CHG,LUX0437369
5322180,43834,*,CSA BAL OBL EMU,LUX0437369
4773486,43423,*,BFI ACTIV CHFV7,LUX0437369
4773486,43426,*,BFI ACTIV EUR,LUX0437369
4773486,83579,*,BFI BALANCE EUR,LUX0437369
4773486,93797,*,BFI CAP PRO C P,LUX0437369
4773486,83578,*,BFI CONSERV EUR,LUX0437369
4773486,83580,*,BFI CQ DYN EUR,LUX0437369
4773486,43425,*,BFI DYNAMIC CHF,LUX0437369
4773486,43428,*,BFI DYNAMIC EUR,LUX0437369
4773486,94483,*,BFI EQ FD EUR,LUX0437369
4773486,43432,*,BFI EURBOND EUR,LUX0437369
4773486,43431,*,BFI INTRSTK CHF,LUX0437369
4773486,43424,*,BFI PROGRE CHF,LUX0437369
4773486,43427,*,BFI PROGRES EUR,LUX0437369
4773486,91151,*,BFI SWFR BD CHF,LUX0437369
4773486,54214,*,BFIEURTARV5PCT,LUX0437369
4773486,54211,*,BFISWISSTARVPCTT,LUX0437369
4773486,43830,*,CSA BAL AKT CHE,LUX0437369
4773486,22952,*,CSA BAL AKT EMK,LUX0437369
4773486,54886,*,CSA BAL AKT EU,LUX0437369
4773486,43831,*,CSA BAL AKT PAS,LUX0437369
4773486,43832,*,CSA BAL AKT ROW,LUX0437369
4773486,43833,*,CSA BAL OBL CHG,LUX0437369
4773486,43834,*,CSA BAL OBL EMU,LUX0437369
7454147,43423,*,BFI ACTIV CHFV7,LUX0437369
7454147,43426,*,BFI ACTIV EUR,LUX0437369
7454147,83579,*,BFI BALANCE EUR,LUX0437369
7454147,93797,*,BFI CAP PRO C P,LUX0437369
7454147,83578,*,BFI CONSERV EUR,LUX0437369
7454147,83580,*,BFI CQ DYN EUR,LUX0437369
7454147,43425,*,BFI DYNAMIC CHF,LUX0437369
7454147,43428,*,BFI DYNAMIC EUR,LUX0437369
7454147,94483,*,BFI EQ FD EUR,LUX0437369
7454147,43432,*,BFI EURBOND EUR,LUX0437369
7454147,43431,*,BFI INTRSTK CHF,LUX0437369
7454147,43424,*,BFI PROGRE CHF,LUX0437369
7454147,43427,*,BFI PROGRES EUR,LUX0437369
7454147,91151,*,BFI SWFR BD CHF,LUX0437369
7454147,54214,*,BFIEURTARV5PCT,LUX0437369
7454147,54211,*,BFISWISSTARVPCTT,LUX0437369
7454147,43830,*,CSA BAL AKT CHE,LUX0437369
7454147,22952,*,CSA BAL AKT EMK,LUX0437369
7454147,54886,*,CSA BAL AKT EU,LUX0437369
7454147,43831,*,CSA BAL AKT PAS,LUX0437369
7454147,43832,*,CSA BAL AKT ROW,LUX0437369
7454147,43833,*,CSA BAL OBL CHG,LUX0437369
7454147,43834,*,CSA BAL OBL EMU,LUX0437369
18618581,43423,*,BFI ACTIV CHFV7,LUX0437369
18618581,43426,*,BFI ACTIV EUR,LUX0437369
18618581,83579,*,BFI BALANCE EUR,LUX0437369
18618581,93797,*,BFI CAP PRO C P,LUX0437369
18618581,83578,*,BFI CONSERV EUR,LUX0437369
18618581,83580,*,BFI CQ DYN EUR,LUX0437369
18618581,43425,*,BFI DYNAMIC CHF,LUX0437369
18618581,43428,*,BFI DYNAMIC EUR,LUX0437369
18618581,94483,*,BFI EQ FD EUR,LUX0437369
18618581,43432,*,BFI EURBOND EUR,LUX0437369
18618581,43431,*,BFI INTRSTK CHF,LUX0437369
18618581,43424,*,BFI PROGRE CHF,LUX0437369
18618581,43427,*,BFI PROGRES EUR,LUX0437369
18618581,91151,*,BFI SWFR BD CHF,LUX0437369
18618581,54214,*,BFIEURTARV5PCT,LUX0437369
18618581,54211,*,BFISWISSTARVPCTT,LUX0437369
18618581,43830,*,CSA BAL AKT CHE,LUX0437369
18618581,22952,*,CSA BAL AKT EMK,LUX0437369
18618581,54886,*,CSA BAL AKT EU,LUX0437369
18618581,43831,*,CSA BAL AKT PAS,LUX0437369
18618581,43832,*,CSA BAL AKT ROW,LUX0437369
18618581,43833,*,CSA BAL OBL CHG,LUX0437369
18618581,43834,*,CSA BAL OBL EMU,LUX0437369
10189563,43423,*,BFI ACTIV CHFV7,LUX0437369
10189563,43426,*,BFI ACTIV EUR,LUX0437369
10189563,83579,*,BFI BALANCE EUR,LUX0437369
10189563,93797,*,BFI CAP PRO C P,LUX0437369
10189563,83578,*,BFI CONSERV EUR,LUX0437369
10189563,83580,*,BFI CQ DYN EUR,LUX0437369
10189563,43425,*,BFI DYNAMIC CHF,LUX0437369
10189563,43428,*,BFI DYNAMIC EUR,LUX0437369
10189563,94483,*,BFI EQ FD EUR,LUX0437369
10189563,43432,*,BFI EURBOND EUR,LUX0437369
10189563,43431,*,BFI INTRSTK CHF,LUX0437369
10189563,43424,*,BFI PROGRE CHF,LUX0437369
10189563,43427,*,BFI PROGRES EUR,LUX0437369
10189563,91151,*,BFI SWFR BD CHF,LUX0437369
10189563,54214,*,BFIEURTARV5PCT,LUX0437369
10189563,54211,*,BFISWISSTARVPCTT,LUX0437369
10189563,43830,*,CSA BAL AKT CHE,LUX0437369
10189563,22952,*,CSA BAL AKT EMK,LUX0437369
10189563,54886,*,CSA BAL AKT EU,LUX0437369
10189563,43831,*,CSA BAL AKT PAS,LUX0437369
10189563,43832,*,CSA BAL AKT ROW,LUX0437369
10189563,43833,*,CSA BAL OBL CHG,LUX0437369
10189563,43834,*,CSA BAL OBL EMU,LUX0437369
10662633,ACTIONS AMERICAINES,*,ACTIONS AMERICAINES,0601304000
10662633,DOLLAR COUVERT,*,DOLLAR COUVERT,0601304000
5004494,ACTIONS AMERICAINES,*,ACTIONS AMERICAINES,0601304000
5004494,DOLLAR COUVERT,*,DOLLAR COUVERT,0601304000
1192651,ACTIONS AMERICAINES,*,ACTIONS AMERICAINES,0601304000
1192651,DOLLAR COUVERT,*,DOLLAR COUVERT,0601304000
1233971,ACTIONS AMERICAINES,*,ACTIONS AMERICAINES,0601304000
1233971,DOLLAR COUVERT,*,DOLLAR COUVERT,0601304000
4753958,ACTIONS AMERICAINES,*,ACTIONS AMERICAINES,0601304000
4753958,DOLLAR COUVERT,*,DOLLAR COUVERT,0601304000
5009531,ACTIONS AMERICAINES,*,ACTIONS AMERICAINES,0601304000
5009531,DOLLAR COUVERT,*,DOLLAR COUVERT,0601304000
5350065,ACTIONS AMERICAINES,*,ACTIONS AMERICAINES,0601304000
5350065,DOLLAR COUVERT,*,DOLLAR COUVERT,0601304000
13519572,ACTIONS AMERICAINES,*,ACTIONS AMERICAINES,0601304000
13519572,DOLLAR COUVERT,*,DOLLAR COUVERT,0601304000
15560058,ACTIONS AMERICAINES,*,ACTIONS AMERICAINES,0601304000
15560058,DOLLAR COUVERT,*,DOLLAR COUVERT,0601304000
18360544,ACTIONS AMERICAINES,*,ACTIONS AMERICAINES,0601304000
18360544,DOLLAR COUVERT,*,DOLLAR COUVERT,0601304000
9652044,FLEXIVALOR,*,FLEXIVALOR,0612454000
11106575,FLEXIVALOR,*,FLEXIVALOR,0612454000
11318400,FLEXIVALOR,*,FLEXIVALOR,0612454000
15541012,FUTUR DYNAMIQUE,*,FUTUR DYNAMIQUE,0621260272
15576587,FUTUR DYNAMIQUE,*,FUTUR DYNAMIQUE,0621260272
17816310,REZEDA,*,REZEDA,0621224345
17816310,OBLIGATION CAPITAL,*,OBLIGATION CAPITAL,0621224345
17816310,NEW MANAGERS,*,NEW MANAGERS,0621224345
19701028,CAM_FK,*,GROWTH,0621222063
19701028,CAM_GALAAD,*,GALAAD,0621222063
19701028,CAM_CRP,*,CARPO GL FUND,0621222063
19701028,CAM_LHT,*,LIONHEART,0621222063
19701028,SP_FUND,*,SP FUND,0621222063
19701028,UCAP_OPP,*,UCAP OPP,0621222063
19701028,GALAAD,*,GALAAD,0621222063
19701028,BCAP_GROWTH,*,CAPITAL GROWTH,0621222063
19701028,BCAP_ABSOLUTE,*,CAPITAL GLB,0621222063
19701028,ALYESKA,*,ALYESKA,0621222063
19701028,IFA,*,GLOBLASMART,0621222063
16817512,ABSOLUMENT,*,ABSOLUMENT,0601324000
16817512,ACTIONS DEFENSIVES EU,*,ACTIONS DEFENSIVES EU,0601324000
16817512,ALPHA CT,*,ALPHA CT,0601324000
16817512,GERER CT,*,GERER CT,0601324000
16817512,PREMIERE SICAV,*,PREMIERE SICAV,0601324000
16817512,REGULARITE PLUS,*,REGULARITE PLUS,0601324000
16817512,REVENU TRIM,*,REVENU TRIM,0601324000
16817512,UNIMT SICAV,*,UNIMT SICAV,0601324000
16817512,IMPULSION TAUX,*,IMPULSION TAUX,0601324000
8684206,K2,*,K2,0621277275
7352917,K2,*,K2,0621277275
15822900,K2,*,K2,0621277275
12916923,DYNAMIC,*,DYNAMIC,0621115982
19701028,CAM FK,*,GROWTH,0621222063
19701028,CAM_GALAAD,*,GALAAD,0621222063
19701028,CAM_CRP,*,CARPO GL FUND,0621222063
19701028,CAM_LHT,*,LIONHEART,0621222063
19701028,SP_FUND,*,SP FUND,0621222063
19701028,UCAP_OPP,*,UCAP OPP,0621222063
19701028,GALAAD,*,GALAAD,0621222063
19701028,BCAP_GROWTH,*,CAPITAL GROWTH,0621222063
19701028,BCAP_ABSOLUTE,*,CAPITAL GLB,0621222063
19701028,ALYESKA,*,ALYESKA,0621222063
19701028,IFA,*,GLOBLASMART,0621222063
19281678,OSTEDMF,*,OSTEDMF,0621272960
19281678,OSTEEMF,*,OSTEEMF,0621272960
19281678,OSUSGBF,*,OSUSGBF,0621272960
19281678,OSEUGBF,*,OSEUGBF,0621272960
19281678,OSUSIBF,*,OSUSIBF,0621272960
19281678,OSEUIBF,*,OSEUIBF,0621272960
19281678,OSTRIIF,*,OSTRIIF,0621272960
19281678,OSGHYBF,*,OSGHYBF,0621272960
19281678,OSTEMDF,*,OSTEMDF,0621272960
19281678,PERBORG,*,PERBORG,0621272960
19281678,PERKERN,*,PERKERN,0621272960
19281678,PERDYNA,*,PERDYNA,0621272960
18352875,EVOLUTIF,*,EVOLUTIF,0621323573
18352875,RENDEMENT,*,RENDEMENT,0621323573
18352875,VALEUR PARTAGEE,*,VALEUR PARTAGEE,0621323573
18253272,EVOLUTIF,*,EVOLUTIF,0621323573
18253272,RENDEMENT,*,RENDEMENT,0621323573
18253272,VALEUR PARTAGEE,*,VALEUR PARTAGEE,0621323573
18161366,EVOLUTIF,*,EVOLUTIF,0621323573
18161366,RENDEMENT,*,RENDEMENT,0621323573
18161366,VALEUR PARTAGEE,*,VALEUR PARTAGEE,0621323573
18407640,*,*,PEREGRINE,0621334098
18407712,*,*,PEREGRINE,0621334098
15294453,LOGOS DYNAMIC,*,LOGOSDYNFUND,0621334462
7469781,PREMIUM,*,PREMIUM,0621342909
18219532,PREMIUM,*,PREMIUM,0621342909
18278194,PREMIUM,*,PREMIUM,0621342909
20044819,PREMIUM,*,PREMIUM,0621342909
7469781,QUANT,*,QUANT,0621253817
18219532,QUANT,*,QUANT,0621253817
18278194,QUANT,*,QUANT,0621253817
13149827,22700092,*,22700092,0621215405
13149827,22701569,*,22701569,0621215405
13149827,22704978,*,22704978,0621215405
13149827,22730095,*,22730095,0621215405
13149827,22730096,*,22730096,0621215405
13149827,22730097,*,22730097,0621215405
13149827,22730098,*,22730098,0621215405
13149827,22730099,*,22730099,0621215405
13149827,22730100,*,22730100,0621215405
13149827,227APSMY,*,227APSMY,0621215405
13149827,ACTIONS EUR,*,ACTIONS EUR,0621215405
13149827,CAPITAL PLANETE,*,CAPITAL PLANETE,0621215405
13149827,DYNAMIQUE MAITRE,*,DYNAMIQUE MAITRE,0621215405
13149827,EUROPE ALPHA,*,EUROPE ALPHA,0621215405
13149827,GESTION  0-30,*,GESTION  0-30,0621215405
13149827,GESTION 0-100 M,*,GESTION 0-100 M,0621215405
13149827,GESTION 0-70,*,GESTION 0-70,0621215405
13149827,MULTITALENTS,*,MULTITALENTS,0621215405
13149827,TEMPO PEA,*,TEMPO PEA,0621215405
15168428,22700092,*,22700092,0621215405
15168428,22701569,*,22701569,0621215405
15168428,22704978,*,22704978,0621215405
15168428,22730095,*,22730095,0621215405
15168428,22730096,*,22730096,0621215405
15168428,22730097,*,22730097,0621215405
15168428,22730098,*,22730098,0621215405
15168428,22730099,*,22730099,0621215405
15168428,22730100,*,22730100,0621215405
15168428,227APSMY,*,227APSMY,0621215405
15168428,ACTIONS EUR,*,ACTIONS EUR,0621215405
15168428,CAPITAL PLANETE,*,CAPITAL PLANETE,0621215405
15168428,DYNAMIQUE MAITRE,*,DYNAMIQUE MAITRE,0621215405
15168428,EUROPE ALPHA,*,EUROPE ALPHA,0621215405
15168428,GESTION  0-30,*,GESTION  0-30,0621215405
15168428,GESTION 0-100 M,*,GESTION 0-100 M,0621215405
15168428,GESTION 0-70,*,GESTION 0-70,0621215405
15168428,MULTITALENTS,*,MULTITALENTS,0621215405
15168428,TEMPO PEA,*,TEMPO PEA,0621215405
18269561,22700092,*,22700092,0621215405
18269561,22701569,*,22701569,0621215405
18269561,22704978,*,22704978,0621215405
18269561,22730095,*,22730095,0621215405
18269561,22730096,*,22730096,0621215405
18269561,22730097,*,22730097,0621215405
18269561,22730098,*,22730098,0621215405
18269561,22730099,*,22730099,0621215405
18269561,22730100,*,22730100,0621215405
18269561,227APSMY,*,227APSMY,0621215405
18269561,ACTIONS EUR,*,ACTIONS EUR,0621215405
18269561,CAPITAL PLANETE,*,CAPITAL PLANETE,0621215405
18269561,DYNAMIQUE MAITRE,*,DYNAMIQUE MAITRE,0621215405
18269561,EUROPE ALPHA,*,EUROPE ALPHA,0621215405
18269561,GESTION  0-30,*,GESTION  0-30,0621215405
18269561,GESTION 0-100 M,*,GESTION 0-100 M,0621215405
18269561,GESTION 0-70,*,GESTION 0-70,0621215405
18269561,MULTITALENTS,*,MULTITALENTS,0621215405
18269561,TEMPO PEA,*,TEMPO PEA,0621215405
13495043,22700092,*,22700092,0621215405
13495043,22701569,*,22701569,0621215405
13495043,22704978,*,22704978,0621215405
13495043,22730095,*,22730095,0621215405
13495043,22730096,*,22730096,0621215405
13495043,22730097,*,22730097,0621215405
13495043,22730098,*,22730098,0621215405
13495043,22730099,*,22730099,0621215405
13495043,22730100,*,22730100,0621215405
13495043,227APSMY,*,227APSMY,0621215405
13495043,ACTIONS EUR,*,ACTIONS EUR,0621215405
13495043,CAPITAL PLANETE,*,CAPITAL PLANETE,0621215405
13495043,DYNAMIQUE MAITRE,*,DYNAMIQUE MAITRE,0621215405
13495043,EUROPE ALPHA,*,EUROPE ALPHA,0621215405
13495043,GESTION  0-30,*,GESTION  0-30,0621215405
13495043,GESTION 0-100 M,*,GESTION 0-100 M,0621215405
13495043,GESTION 0-70,*,GESTION 0-70,0621215405
13495043,MULTITALENTS,*,MULTITALENTS,0621215405
13495043,TEMPO PEA,*,TEMPO PEA,0621215405
19340234,EUROPE SELECTION,*,EUROPE SELECTION,0613517000
19340234,ADAMANT,*,ADAMANT,0613517000
19340234,EONOS5,*,EONOS5,0613517000
19340234,MULTICAPS,*,MULTICAPS,0613517000
19340234,GL MACRO,*,GL_MACRO,0613517000
19340234,AFIM REACTIF,*,AFIM_REACTIF,0613517000
19340234,INTERNATIONAL,*,INTERNATIONAL,0613517000
19340234,SELECT MONDE,*,SELECT_MONDE,0613517000
19340234,PATRIMOINE,*,PATRIMOINE,0613517000
19340234,REACTIF,*,REACTIF,0613517000
19340234,OPERA,*,OPERA,0613517000
19340234,SMALLCAPS,*,SMALLCAPS,0613517000
19340234,DYNAMIQUE,*,DYNAMIQUE,0613517000
10662633,STELLA OPTIMA,*,STELLA OPTIMA,0601304000
5004494,STELLA OPTIMA,*,STELLA OPTIMA,0601304000
1192651,STELLA OPTIMA,*,STELLA OPTIMA,0601304000
1233971,STELLA OPTIMA,*,STELLA OPTIMA,0601304000
4753958,STELLA OPTIMA,*,STELLA OPTIMA,0601304000
5009531,STELLA OPTIMA,*,STELLA OPTIMA,0601304000
5350065,STELLA OPTIMA,*,STELLA OPTIMA,0601304000
13519572,STELLA OPTIMA,*,STELLA OPTIMA,0601304000
15560058,STELLA OPTIMA,*,STELLA OPTIMA,0601304000
18360544,STELLA OPTIMA,*,STELLA OPTIMA,0601304000
8571657,SANSO,*,SANSO,0618535000
8571657,SANSO PATRIMOINE,*,SANSO PATRIMOINE,0618535000
8571657,SANSO SHORT DURATION,*,SANSO SHORT DURATION,0618535000
17183253,*,*,DEFAULT,0621223317
4564623,FED MULTI ACTIONS EUROPE,*,FED MULTI ACTIONS EUROPE,0603110000
4564623,FED MULTI PATRIMOINE,*,FED MULTI PATRIMOINE,0603110000
4564623,FEDERAL CROISSANCE,*,FEDERAL CROISSANCE,0603110000
4564623,FEDERAL ETHI,*,FEDERAL ETHI,0603110000
4564623,FEDERAL OBLIG INTER,*,FEDERAL OBLIG INTER,0603110000
4564623,FEDERAL OPPORTUNITE,*,FEDERAL OPPORTUNITE,0603110000
4564623,FEDERAL OPPORTUNITE TONIQUE,*,FEDERAL OPPORTUNITE TONIQUE,0603110000
4564623,FEE EQUILIBRE,*,FEE EQUILIBRE,0603110000
4564623,FEE MODERE,*,FEE MODERE,0603110000
4564623,FEE TONIQUE,*,FEE TONIQUE,0603110000
4564623,PRO-FED OBLIGATIONS,*,PRO-FED OBLIGATIONS,0603110000
4564623,SURAVENIR INTER,*,SURAVENIR INTER,0603110000
4564623,SURAVENIR PROTECT,*,SURAVENIR PROTECT,0603110000
784593,FED MULTI ACTIONS EUROPE,*,FED MULTI ACTIONS EUROPE,0603110000
784593,FED MULTI PATRIMOINE,*,FED MULTI PATRIMOINE,0603110000
784593,FEDERAL CROISSANCE,*,FEDERAL CROISSANCE,0603110000
784593,FEDERAL ETHI,*,FEDERAL ETHI,0603110000
784593,FEDERAL OBLIG INTER,*,FEDERAL OBLIG INTER,0603110000
784593,FEDERAL OPPORTUNITE,*,FEDERAL OPPORTUNITE,0603110000
784593,FEDERAL OPPORTUNITE TONIQUE,*,FEDERAL OPPORTUNITE TONIQUE,0603110000
784593,FEE EQUILIBRE,*,FEE EQUILIBRE,0603110000
784593,FEE MODERE,*,FEE MODERE,0603110000
784593,FEE TONIQUE,*,FEE TONIQUE,0603110000
784593,PRO-FED OBLIGATIONS,*,PRO-FED OBLIGATIONS,0603110000
784593,SURAVENIR INTER,*,SURAVENIR INTER,0603110000
784593,SURAVENIR PROTECT,*,SURAVENIR PROTECT,0603110000
6680643,FED MULTI ACTIONS EUROPE,*,FED MULTI ACTIONS EUROPE,0603110000
6680643,FED MULTI PATRIMOINE,*,FED MULTI PATRIMOINE,0603110000
6680643,FEDERAL CROISSANCE,*,FEDERAL CROISSANCE,0603110000
6680643,FEDERAL ETHI,*,FEDERAL ETHI,0603110000
6680643,FEDERAL OBLIG INTER,*,FEDERAL OBLIG INTER,0603110000
6680643,FEDERAL OPPORTUNITE,*,FEDERAL OPPORTUNITE,0603110000
6680643,FEDERAL OPPORTUNITE TONIQUE,*,FEDERAL OPPORTUNITE TONIQUE,0603110000
6680643,FEE EQUILIBRE,*,FEE EQUILIBRE,0603110000
6680643,FEE MODERE,*,FEE MODERE,0603110000
6680643,FEE TONIQUE,*,FEE TONIQUE,0603110000
6680643,PRO-FED OBLIGATIONS,*,PRO-FED OBLIGATIONS,0603110000
6680643,SURAVENIR INTER,*,SURAVENIR INTER,0603110000
6680643,SURAVENIR PROTECT,*,SURAVENIR PROTECT,0603110000
10585354,FED MULTI ACTIONS EUROPE,*,FED MULTI ACTIONS EUROPE,0603110000
10585354,FED MULTI PATRIMOINE,*,FED MULTI PATRIMOINE,0603110000
10585354,FEDERAL CROISSANCE,*,FEDERAL CROISSANCE,0603110000
10585354,FEDERAL ETHI,*,FEDERAL ETHI,0603110000
10585354,FEDERAL OBLIG INTER,*,FEDERAL OBLIG INTER,0603110000
10585354,FEDERAL OPPORTUNITE,*,FEDERAL OPPORTUNITE,0603110000
10585354,FEDERAL OPPORTUNITE TONIQUE,*,FEDERAL OPPORTUNITE TONIQUE,0603110000
10585354,FEE EQUILIBRE,*,FEE EQUILIBRE,0603110000
10585354,FEE MODERE,*,FEE MODERE,0603110000
10585354,FEE TONIQUE,*,FEE TONIQUE,0603110000
10585354,PRO-FED OBLIGATIONS,*,PRO-FED OBLIGATIONS,0603110000
10585354,SURAVENIR INTER,*,SURAVENIR INTER,0603110000
10585354,SURAVENIR PROTECT,*,SURAVENIR PROTECT,0603110000
14613091,COOPERL,*,COOPERL,0621318680
20350712,DHARMA EQUITY,*,DHARMA EQUITY,0618493000
20350712,FIXED INCOME,*,FIXED INCOME,0618493000
20350712,TACTIC LONG SHORT,*,TACTIC LONG SHORT,0618493000
20350712,EURO PLUS,*,EURO PLUS,0618493000
15541012,TRENDS LEVELS,*,TRENDS LEVELS,0621260272
15576587,TRENDS LEVELS,*,TRENDS LEVELS,0621260272
12403433,AB GLOBAL EQ,*,AB GLOBAL EQ,0621123102
11666007,AB GLOBAL EQ,*,AB GLOBAL EQ,0621123102
17164240,AB GLOBAL EQ,*,AB GLOBAL EQ,0621123102
6703430,AB GLOBAL EQ,*,AB GLOBAL EQ,0621123102
784593,APAL,*,APAL,0603110000
784593,FED EURO EQUILIBRE,*,FED EURO EQUILIBRE,0603110000
784593,FED TX VARIABLE,*,FED TX VARIABLE,0603110000
784593,FED MULTI PATRIMOINE,*,FED MULTI PATRIMOINE,0603110000
784593,FED OBLIG PREM,*,FED OBLIG PREM,0603110000
784593,FED OPP MODERE,*,FED OPP MODERE,0603110000
784593,FEE EQUILIBRE,*,FEE EQUILIBRE,0603110000
784593,FEE MODERE,*,FEE MODERE,0603110000
784593,FEE TONIQUE,*,FEE TONIQUE,0603110000
784593,FEDERAL CROISSANCE,*,FEDERAL CROISSANCE,0603110000
784593,FEDERAL EQUILIBRE,*,FEDERAL EQUILIBRE,0603110000
784593,FEDERAL ETHI,*,FEDERAL ETHI,0603110000
784593,FEDERAL OBLIG INTER,*,FEDERAL OBLIG INTER,0603110000
784593,FEDERAL TONIQUE,*,FEDERAL TONIQUE,0603110000
784593,SURAVENIR INTER,*,SURAVENIR INTER,0603110000
784593,SURAVENIR PROTECT,*,SURAVENIR PROTECT,0603110000
784593,PRO-FED OBLIGATIONS,*,PRO-FED OBLIGATIONS,0603110000
4564623,APAL,*,APAL,0603110000
4564623,FED EURO EQUILIBRE,*,FED EURO EQUILIBRE,0603110000
4564623,FED TX VARIABLE,*,FED TX VARIABLE,0603110000
4564623,FED MULTI PATRIMOINE,*,FED MULTI PATRIMOINE,0603110000
4564623,FED OBLIG PREM,*,FED OBLIG PREM,0603110000
4564623,FED OPP MODERE,*,FED OPP MODERE,0603110000
4564623,FEE EQUILIBRE,*,FEE EQUILIBRE,0603110000
4564623,FEE MODERE,*,FEE MODERE,0603110000
4564623,FEE TONIQUE,*,FEE TONIQUE,0603110000
4564623,FEDERAL CROISSANCE,*,FEDERAL CROISSANCE,0603110000
4564623,FEDERAL EQUILIBRE,*,FEDERAL EQUILIBRE,0603110000
4564623,FEDERAL ETHI,*,FEDERAL ETHI,0603110000
4564623,FEDERAL OBLIG INTER,*,FEDERAL OBLIG INTER,0603110000
4564623,FEDERAL TONIQUE,*,FEDERAL TONIQUE,0603110000
4564623,SURAVENIR INTER,*,SURAVENIR INTER,0603110000
4564623,SURAVENIR PROTECT,*,SURAVENIR PROTECT,0603110000
4564623,PRO-FED OBLIGATIONS,*,PRO-FED OBLIGATIONS,0603110000
6680643,APAL,*,APAL,0603110000
6680643,FED EURO EQUILIBRE,*,FED EURO EQUILIBRE,0603110000
6680643,FED TX VARIABLE,*,FED TX VARIABLE,0603110000
6680643,FED MULTI PATRIMOINE,*,FED MULTI PATRIMOINE,0603110000
6680643,FED OBLIG PREM,*,FED OBLIG PREM,0603110000
6680643,FED OPP MODERE,*,FED OPP MODERE,0603110000
6680643,FEE EQUILIBRE,*,FEE EQUILIBRE,0603110000
6680643,FEE MODERE,*,FEE MODERE,0603110000
6680643,FEE TONIQUE,*,FEE TONIQUE,0603110000
6680643,FEDERAL CROISSANCE,*,FEDERAL CROISSANCE,0603110000
6680643,FEDERAL EQUILIBRE,*,FEDERAL EQUILIBRE,0603110000
6680643,FEDERAL ETHI,*,FEDERAL ETHI,0603110000
6680643,FEDERAL OBLIG INTER,*,FEDERAL OBLIG INTER,0603110000
6680643,FEDERAL TONIQUE,*,FEDERAL TONIQUE,0603110000
6680643,SURAVENIR INTER,*,SURAVENIR INTER,0603110000
6680643,SURAVENIR PROTECT,*,SURAVENIR PROTECT,0603110000
6680643,PRO-FED OBLIGATIONS,*,PRO-FED OBLIGATIONS,0603110000
10585354,APAL,*,APAL,0603110000
10585354,FED EURO EQUILIBRE,*,FED EURO EQUILIBRE,0603110000
10585354,FED TX VARIABLE,*,FED TX VARIABLE,0603110000
10585354,FED MULTI PATRIMOINE,*,FED MULTI PATRIMOINE,0603110000
10585354,FED OBLIG PREM,*,FED OBLIG PREM,0603110000
10585354,FED OPP MODERE,*,FED OPP MODERE,0603110000
10585354,FEE EQUILIBRE,*,FEE EQUILIBRE,0603110000
10585354,FEE MODERE,*,FEE MODERE,0603110000
10585354,FEE TONIQUE,*,FEE TONIQUE,0603110000
10585354,FEDERAL CROISSANCE,*,FEDERAL CROISSANCE,0603110000
10585354,FEDERAL EQUILIBRE,*,FEDERAL EQUILIBRE,0603110000
10585354,FEDERAL ETHI,*,FEDERAL ETHI,0603110000
10585354,FEDERAL OBLIG INTER,*,FEDERAL OBLIG INTER,0603110000
10585354,FEDERAL TONIQUE,*,FEDERAL TONIQUE,0603110000
10585354,SURAVENIR INTER,*,SURAVENIR INTER,0603110000
10585354,SURAVENIR PROTECT,*,SURAVENIR PROTECT,0603110000
10585354,PRO-FED OBLIGATIONS,*,PRO-FED OBLIGATIONS,0603110000
20385606,ALPHA TAUX,*,ALPHA TAUX,0621233466
17816310,GLOBAL OPPORTUNITIES,*,GLOBAL OPPORTUNITIES,0621224345
17816310,SELECTION DEFENSIVE,*,SELECTION DEFENSIVE,0621224345
3528215,EQUITY ENHANCED,*,EQUITY ENHANCED SCS,LUX0437786